Claim|Source Name|Source URL|Verdict|Review Publication Date|Image URL|Tags
ELEIÇÃO SEM INTERNET: LULA PEDE AO TSE PARA PROIBIR VÍDEOS DURANTE ELEIÇÕES|AFP CHECAMOS|HTTPS://CHECAMOS.AFP.COM/DOC.AFP.COM.A7BG6T4|FALSO|2026-04-09 07:00:00|HTTPS://ENCRYPTED-TBN2.GSTATIC.COM/IMAGES?Q=TBN:AND9GCR8FGPCTDWFOGH9OESY9M7XI0IEV6YCJ_SCMHOTHGTPXW5EJL5M|['Luiz Inácio Lula da Silva', 'Tribunal Superior Eleitoral', 'Eleição', 'Internet', 'Vídeo']
ÁUDIO GRAMPEADO DE LULA EXIGE PRISÃO E INELEGIBILIDADE DE FLÁVIO BOLSONARO ANTES DAS ELEIÇÕES|ESTADÃO|HTTPS://WWW.ESTADAO.COM.BR/ESTADAO-VERIFICA/AUDIO-FALSO-LULA-PRISAO-FLAVIO-BOLSONARO-ELEICOES/|FALSO|2026-03-25 07:00:00|HTTPS://ENCRYPTED-TBN3.GSTATIC.COM/IMAGES?Q=TBN:AND9GCRUDO7TX7UFOS7RTGSRYKAK0AYPKS3WFTM430LUOBF5G8IQ-ZTT|['Flávio Bolsonaro', 'Luiz Inácio Lula da Silva', 'Inelegibilidade', 'Eleição', 'Prisão']
2022: MINISTROS DO TSE CONSIDERAM CRIME DIMINUIR PREÇO DE COMBUSTÍVEL EM ANO ELEITORAL. 2026: ENTENDA O PACOTE DE LULA PARA REDUZIR O PREÇO DO DIESEL|UOL NOTÍCIAS|HTTPS://NOTICIAS.UOL.COM.BR/CONFERE/ULTIMAS-NOTICIAS/2026/03/20/TSE-NAO-DECIDIU-QUE-REDUZIR-COMBUSTIVEL-EM-ANO-ELEITORAL-E-CRIME.GHTM|FALSO|2026-03-20 07:00:00|HTTPS://ENCRYPTED-TBN0.GSTATIC.COM/IMAGES?Q=TBN:AND9GCRB87IVWN8DNVUAC4Z5Q2XTKGFPD7MADTRD08JEELQJGUQSNB0T|['Crime', 'Combustível', 'Eleição', 'Ministro do Tribunal Superior Eleitoral do Brasil', 'Ministro', 'Luiz Inácio Lula da Silva', '2022', 'Diesel', 'Preço', '2026']
FLÁVIO BOLSONARO DIZ QUE SE FOR ELEITO CRIARÁ UMA LEI DE REDUÇÃO DE SALÁRIO|AFP CHECAMOS|HTTPS://CHECAMOS.AFP.COM/DOC.AFP.COM.A3YK4CQ|FALSO|2026-03-19 07:00:00|HTTPS://ENCRYPTED-TBN1.GSTATIC.COM/IMAGES?Q=TBN:AND9GCQVGNHXSWMK_QBL4L-QVHALXUQKJSPW-W66JQPSDXPUK2QBOGUE|['Flávio Bolsonaro', 'Salário', 'Eleição', 'Lei']
LULA LADRÃO SEU LUGAR É NA PRISÃO EM PLENA PROPAGANDA ELEITORAL NA MARQUÊS DE SAPUCAÍ|BOL - UOL|HTTPS://WWW.BOL.UOL.COM.BR/NOTICIAS/2026/02/19/FALSO-VIDEO-LULA-VAIADO-SAPUCAI.HTM|FALSO|2026-02-19 08:00:00|HTTPS://ENCRYPTED-TBN2.GSTATIC.COM/IMAGES?Q=TBN:AND9GCQ4BBJH1E0H5LEX-D1NL2AV8DRHTB-LIO2D__OS83ZF_PNOTEHN|['Sambódromo Marquês de Sapucaí', 'Luiz Inácio Lula da Silva', 'Eleição', 'Campanha eleitoral', 'Propaganda', 'Prisão']
JUDICIÁRIO BRASILEIRO É ELEITO O SEGUNDO MAIS CORRUPTO E INJUSTO DO MUNDO, SEGUNDO RANKING GLOBAL|BOL - UOL|HTTPS://WWW.BOL.UOL.COM.BR/NOTICIAS/2026/01/27/ENGANOSO-JUDICIARIO-BRASILEIRO-SEGUNDO-MAIS-CORRUPTO-DO-MUNDO.HTM|FALSO|2026-01-27 08:00:00|HTTPS://ENCRYPTED-TBN2.GSTATIC.COM/IMAGES?Q=TBN:AND9GCROKPCH-Q26GOKEGO9B9BMUGDZU7JIRRJFA101OUK_3LVE5EUQZ|['Corrupção', 'Poder judiciário', 'Eleição', 'Mundo']
JUDICIÁRIO BRASILEIRO É ELEITO O 2º MAIS CORRUPTO E INJUSTO DO MUNDO, SEGUNDO RANKING GLOBAL|AFP CHECAMOS|HTTPS://CHECAMOS.AFP.COM/DOC.AFP.COM.943D264|FALSO|2026-01-26 08:00:00|HTTPS://ENCRYPTED-TBN3.GSTATIC.COM/IMAGES?Q=TBN:AND9GCQQCWIRQ5GKI6AS1SDEBSABNRPEEIKUI32ZFVTHHUNHRTYHUPR0|['Corrupção', 'Poder judiciário', 'Ordenação', 'Eleição', 'Mundo']
ELEITORA DIZ QUE VOTARAM EM SEU LUGAR NAS ELEIÇÕES DE 2022, QUANDO ESTAVA FORA DO PAÍS.|AOS FATOS|HTTPS://WWW.AOSFATOS.ORG/NOTICIAS/NAO-E-VERDADE-TSE-CONTABILIZOU-VOTO-ELEITORA-AUSENTE-2022/|FALSO|2026-01-16 08:00:00|HTTPS://ENCRYPTED-TBN2.GSTATIC.COM/IMAGES?Q=TBN:AND9GCQIOBCWD_3VB-L3EQK_KR5UOUWMFQS02YQWFMPWI-P3PFRUXL7A|['Eleitor', 'Eleição', '2022', 'Eleições presidenciais brasileiras, 2022']
MULHER QUE MORA NOS EUA DESCOBRIU REGISTRO DE VOTO NAS ELEIÇÕES DE 2022 NO BRASIL|ESTADÃO|HTTPS://WWW.ESTADAO.COM.BR/ESTADAO-VERIFICA/MULHER-QUE-MORA-NOS-EUA-TEM-REGISTRO-DE-VOTO-EM-2022-ENGANOSO/|FALSO|2026-01-13 08:00:00|HTTPS://ENCRYPTED-TBN3.GSTATIC.COM/IMAGES?Q=TBN:AND9GCSMHQPV4DA1O_UC-UKKGWKNTRJOY4H5WGLIT0X-GLCRFFFPWPF_|['Votação', 'Eleição', 'Estados Unidos', 'Eleições presidenciais brasileiras, 2022', '2022', 'Brasil', 'Eleições gerais brasileiras, 2022']
DEPOIMENTO DE MIKE BENZ DEIXA CLARO QUE BRASIL FOI VÍTIMA DE GOLPE DE ESTADO|ESTADÃO|HTTPS://WWW.ESTADAO.COM.BR/ESTADAO-VERIFICA/MIKE-BENZ-NAO-PROVOU-FRAUDE-ELEICOES/|FALSO|2026-02-05 08:00:00|HTTPS://ENCRYPTED-TBN1.GSTATIC.COM/IMAGES?Q=TBN:AND9GCQDZVN2TOCG-UY5TVQSOYRXYTXYEJY8OWCQOJQMNQDQ_4LTYMC1|['Brasil', 'Estado', 'Golpe de Estado', 'Vítima']
FLÁVIO BOLSONARO ASSUME LIDERANÇA EM PESQUISA SOBRE ELEIÇÕES DE 2026|AFP CHECAMOS|HTTPS://CHECAMOS.AFP.COM/DOC.AFP.COM.89PM7T3|FALSO|2026-01-05 08:00:00|HTTPS://ENCRYPTED-TBN0.GSTATIC.COM/IMAGES?Q=TBN:AND9GCS9VJAZL7YRIZ0CPBZ3SZ557SUH0W1IHE_8FF_FD86M5S2BZXF-|['Flávio Bolsonaro', 'Eleição', '2026', 'Pesquisa', 'Liderança']
PUBLICAR ESTA FOTO ONDE ESTÁ A LÍDER DA OPOSIÇÃO JUNTO AL PRESIDENTE ELEITO EDMUNDO GONZÁLEZ QUE ESTÃO EM OSLO É UMA HONRA.|OBSERVADOR|HTTPS://OBSERVADOR.PT/FACTCHECKS/FACT-CHECK-FOTOGRAFIA-MOSTRA-MARIA-CORINA-MACHADO-COM-EDMUNDO-GONZALEZ-NO-GRAND-HOTEL-DE-OSLO/|FALSO|2025-12-29 08:00:00||['Edmundo González Urrutia', 'Oslo', 'Fotografia', 'presidente eleito', 'Presidente', 'Eleição', 'Líder da Oposição', 'Oposição', 'Honra', 'Liderança']
LULA PROMETE QUE NÃO VAI MAIS ENGANAR O POVO SE FOR ELEITO NOVAMENTE|AFP CHECAMOS|HTTPS://CHECAMOS.AFP.COM/DOC.AFP.COM.88VA6T3|FALSO|2025-12-22 08:00:00|HTTPS://ENCRYPTED-TBN2.GSTATIC.COM/IMAGES?Q=TBN:AND9GCT56IOQKGI4LYDBYVDOASO0XNWVNCCN3WYW2DQOTTCIZAQWE2NN|['Luiz Inácio Lula da Silva', 'O Povo', 'Eleição']
LULA PROMETE QUE, SE FOR ELEITO DE NOVO, 'NÃO VAI ENGANAR O POVO MAIS UMA VEZ'|UOL NOTÍCIAS|HTTPS://NOTICIAS.UOL.COM.BR/CONFERE/ULTIMAS-NOTICIAS/2025/12/19/FRASE-DE-LULA-SOBRE-NAO-ENGANAR-O-POVO-ERA-SOBRE-FRENTE-AMPLA-EM-2020.HTM|FALSO|2025-12-19 08:00:00|HTTPS://ENCRYPTED-TBN1.GSTATIC.COM/IMAGES?Q=TBN:AND9GCQW2KO52XUUNFTIL0OKH9FFGKZOYEQKHZ0K6HHNZGMH0RV4HIWF|['Luiz Inácio Lula da Silva', 'O Povo', 'Eleição']
LULA PERDEU TODAS AS ELEIÇÕES COM VOTAÇÃO MANUAL E NUNCA PERDEU ELEIÇÃO COM URNA ELETRÔNICA|AFP CHECAMOS|HTTPS://CHECAMOS.AFP.COM/DOC.AFP.COM.88868T3|FALSO|2025-12-15 08:00:00|HTTPS://ENCRYPTED-TBN3.GSTATIC.COM/IMAGES?Q=TBN:AND9GCSPX91VLWUNV1FS1LQFGYOKLST6XBPJYQT1S6UQUCZFCFZGI_0S|['Luiz Inácio Lula da Silva', 'Eleição', 'Votação', 'Urna eleitoral', 'Máquina de votação', 'Eletrônica']
LULA PERDEU TODAS AS ELEIÇÕES FEITAS COM CÉDULAS DE PAPEL E VENCEU TODAS APÓS AS URNAS ELETRÔNICAS|AOS FATOS|HTTPS://WWW.AOSFATOS.ORG/NOTICIAS/FALSO-QUE-LULA-SO-VENCEU-ELEICOES-APOS-URNAS-ELETRONICAS/|FALSO|2025-12-09 08:00:00|HTTPS://ENCRYPTED-TBN1.GSTATIC.COM/IMAGES?Q=TBN:AND9GCRE5E01NS8_OJFEM_RBQWCJJV7Y3LPETCTITA6IWOWPZ3OYEIZ8|['Luiz Inácio Lula da Silva', 'Eleição', 'Urna eleitoral', 'Urna eletrônica', 'Cédula eleitoral', 'Papel']
VÍDEO MOSTRA LUCIANO HANG COMEMORANDO INDICAÇÃO DE FLÁVIO BOLSONARO PARA DISPUTAR ELEIÇÃO PRESIDENCIAL DE 2026|AOS FATOS|HTTPS://WWW.AOSFATOS.ORG/NOTICIAS/VIDEO-CELEBRACAO-LUCIANO-HANG-2018-NAO-APOS-BOLSONARO-INDICAR-FLAVIO-PRESIDENCIA/|FALSO|2025-12-09 08:00:00|HTTPS://ENCRYPTED-TBN3.GSTATIC.COM/IMAGES?Q=TBN:AND9GCSOVOB9HJPUPE1EG--WIB-J3X2_DAXN7VZBCNJVFTRTQ5RASUCV|['Jair Bolsonaro', 'Flávio Bolsonaro', 'Luciano Hang', 'Presidente', 'Eleição', 'Vídeo', 'Eleições presidenciais', '2026']
"TOFFOLI ENTREGA GRAVAÇÃO ONDE DIZ: ""A ORDEM É PRENDER BOLSONARO ANTES DAS ELEIÇÕES DE 2026"""|UOL NOTÍCIAS|HTTPS://NOTICIAS.UOL.COM.BR/CONFERE/ULTIMAS-NOTICIAS/2025/12/08/E-FALSO-QUE-TOFFOLI-ENTREGOU-GRAVACAO-DE-MORAES-SOBRE-BOLSONARO-AO-FBI.HTM|FALSO|2025-12-08 08:00:00|HTTPS://ENCRYPTED-TBN2.GSTATIC.COM/IMAGES?Q=TBN:AND9GCT2HBGFMUYEGYEGDTJ7L7_VAZ_Z_SZJULC1TFCSCOBKDXOATI0Q|['José Antonio Dias Toffoli', 'Jair Bolsonaro', 'Gravação', 'Eleição']
"""E O PREFEITO ELEITO DE NOVA IORQUE, ENVIADO DE SATANÁS, ZOHRAN MAMDANI, SE RECUSA A PRESTAR JURAMENTO A CONSTITUIÇÃO AMERICANA"""|OBSERVADOR|HTTPS://OBSERVADOR.PT/FACTCHECKS/FACT-CHECK-NOVO-MAYOR-DE-NOVA-IORQUE-RECUSOU-SE-A-PRESTAR-JURAMENTO-DE-RESPEITO-A-CONSTITUICAO-NORTE-AMERICANA/|FALSO|2025-11-26 08:00:00|HTTPS://ENCRYPTED-TBN3.GSTATIC.COM/IMAGES?Q=TBN:AND9GCSPOSTEKUTGC_77FQOKLZVGRXRFRC2VLIFGVKU-4CRTMZLV5X96|['Zohran Mamdani', 'Nova Iorque', 'Primátor', 'Juramento', 'Constituição', 'Eleição']
"“ESTADO ISLÂMICO PARABENIZA ELEIÇÃO DO ""NOVO PREFEITO"" DE NOVA YORK. NA IMAGEM O MANIFESTO DO GRUPO TERRORISTA ESTADO ISLÂMICO COMEMORANDO A VITÓRIA DO MUÇULMANO ZOHRAN KWAME MAMDANI"""|OBSERVADOR|HTTPS://OBSERVADOR.PT/FACTCHECKS/FACT-CHECK-ESTADO-ISLAMICO-PARABENIZOU-ZOHRAN-MAMDANI-PELA-VITORIA-NA-CORRIDA-A-CAMARA-DE-NOVA-IORQUE/|FALSO|2025-11-24 08:00:00||['Zohran Mamdani', 'Prefeito de Nova York', 'Nova Iorque', 'Mundo islâmico', 'Primátor', 'Eleição', 'Islã', 'Terrorismo', 'Imagem']
FLAVIO BOLSONARO DIZ QUE VITÓRIA SERÁ NO 1º TURNO|ESTADÃO|HTTPS://WWW.ESTADAO.COM.BR/ESTADAO-VERIFICA/VIDEO-FLAVIO-BOLSONARO-PRIMEIRO-TURNO-ELAICOES-2022/|FALSO|2025-12-11 08:00:00|HTTPS://ENCRYPTED-TBN3.GSTATIC.COM/IMAGES?Q=TBN:AND9GCTCUH6RAVV-PRDNRNWUAI0YEE6WM5ZZ1LEETS4GRW6HGVDHQWVG|['Flávio Bolsonaro']
JAQUES WAGNER PROPÔS ADIAR ELEIÇÃO DE 2026|AOS FATOS|HTTPS://WWW.AOSFATOS.ORG/NOTICIAS/JAQUES-WAGNER-NAO-DEFENDEU-ADIAR-ELEICOES-DE-2026/|FALSO|2025-10-07 07:00:00|HTTPS://ENCRYPTED-TBN2.GSTATIC.COM/IMAGES?Q=TBN:AND9GCSJQVRJB32PLPMBGZQ_I02VUL746VGS5WDAWVZMMYRQNA7FVNYR|['Jaques Wagner', 'Eleição', '2026']
LÍDER DO GOVERNO NO SENADO, JAQUES WAGNER PROPÕE ADIAR ELEIÇÕES DE 2026|ESTADÃO|HTTPS://WWW.ESTADAO.COM.BR/ESTADAO-VERIFICA/JAQUES-WAGNER-PROPOE-ADIAR-ELEICAO-2026-ENGANOSO/|FALSO|2025-10-07 07:00:00|HTTPS://ENCRYPTED-TBN3.GSTATIC.COM/IMAGES?Q=TBN:AND9GCQUJGYDKXRW9JNQJYPD8WNXSQAMKHDPPKTD8DJIBP7PPMNUJRF8|['Jaques Wagner', 'Eleição', 'Governo', 'Senado Federal do Brasil', 'Chefe de governo']
FOI DECLARADA HOJE UMA NOVA SANÇÃO QUE PODE ELEGER O CAPITÃO EM 2026, MAS QUE PARA ISSO ACONTEÇA ELE PRECISA DA SUA AJUDA. O STF DETERMINOU QUE SE A MULTA DE 30 MILHÕES FOR PAGA NA DATA PREVISTA, O LÍDER PODE CONCORRER À PRESIDÊNCIA EM 2026.|OBSERVADOR|HTTPS://OBSERVADOR.PT/FACTCHECKS/FACT-CHECK-BOLSONARO-PODE-CONCORRER-AS-ELEICOES-PRESIDENCIAIS-DE-PAGAR-MULTA-DE-30-MILHOES/|FALSO||HTTPS://ENCRYPTED-TBN0.GSTATIC.COM/IMAGES?Q=TBN:AND9GCTADCTWXJKK3C4HGBDESODJVXCPYDTK8HV0PR7JKSEAWXG2FU4Y|['Presidente do Brasil', 'Multa', 'Sanção jurídica', 'Supremo Tribunal Federal', '2026']
INVESTIGAÇÃO REVELA QUE PCC LAVAVA DINHEIRO NA GENIAL INVESTIMENTO E FINANCIAVA PESQUISA ELEITORAL A FAVOR DE LULA DA QUAEST|UOL NOTÍCIAS|HTTPS://NOTICIAS.UOL.COM.BR/CONFERE/ULTIMAS-NOTICIAS/2025/09/02/INVESTIGACAO-NAO-APONTA-QUE-PCC-PAGOU-POR-PESQUISAS-ELEITORAIS.HTM|FALSO|2025-09-02 07:00:00|HTTPS://ENCRYPTED-TBN3.GSTATIC.COM/IMAGES?Q=TBN:AND9GCQFHUJWHFL12FV65A2ZTG8TCRFPZBE9IGAFMVFREAZ339XEDWUH|['Primeiro Comando da Capital', 'Pesquisa', 'Eleição', 'Luiz Inácio Lula da Silva', 'Dinheiro', 'Investimento']
BARROSO PAGOU R$ 9 MILHÕES A PARTIDOS PARA DERRUBAR A PEC DO VOTO IMPRESSO, COMPROU MICROCHIPS DE TAIWAN COM MILHÕES DE VOTOS PARA LULA E DESTRUIU CERCA DE 200 MIL URNAS QUE ESCONDIAM PROVAS DA FRAUDE ELEITORAL DE 2022|AOS FATOS|HTTPS://WWW.AOSFATOS.ORG/NOTICIAS/VIDEO-MENTIRAS-ATUACAO-BARROSO-TSE-ALEGAR-FRAUDE-EM-2022/|FALSO|2025-08-11 07:00:00|HTTPS://ENCRYPTED-TBN0.GSTATIC.COM/IMAGES?Q=TBN:AND9GCS_CIH6R_9H_M8HTMSB6XUCILXL1U9QBR9SMXV9G4YICDFB88HS|['Luís Roberto Barroso', 'Fraude', 'Eleição', 'Votação', 'Urna eleitoral', 'Luiz Inácio Lula da Silva', 'Fraude eleitoral', 'Comprovante de votação verificado pelo eleitor', 'Partido político']
LULA DEFENDE MENOS ELEIÇÕES|UOL NOTÍCIAS|HTTPS://NOTICIAS.UOL.COM.BR/COMPROVA/ULTIMAS-NOTICIAS/2025/07/29/VIDEO-DISTORCE-FALA-DE-LULA-PARA-ATRIBUIR-A-ELE-ATAQUE-A-DEMOCRACIA.HTM|FALSO|2025-07-29 07:00:00|HTTPS://ENCRYPTED-TBN3.GSTATIC.COM/IMAGES?Q=TBN:AND9GCTDEOW1FPG_ZWKAG5ZGG0NACWKFP-5E6F9BEE90BPYMHTSRTIFU|['Luiz Inácio Lula da Silva', 'Eleição']
LULA DECLARA QUE ELEIÇÕES A CADA 4 OU 5 ANOS ‘NÃO SÃO SUFICIENTES’ E ANALISTAS ALERTAM PARA POSSÍVEL INTENÇÃO DE PROLONGAR SEU PRÓPRIO MANDATO|AFP CHECAMOS|HTTPS://CHECAMOS.AFP.COM/DOC.AFP.COM.67W36CQ|FALSO|2025-07-25 07:00:00|HTTPS://ENCRYPTED-TBN0.GSTATIC.COM/IMAGES?Q=TBN:AND9GCTKXPH5AZE5US36YV1OIAYTYRNPDCW2VGY-WOR3_TMZLPECZND6|['Luiz Inácio Lula da Silva', 'Eleição', 'Mandato']
LULA DISSE QUE NÃO HAVERÁ ELEIÇÕES EM 2026|ESTADÃO|HTTPS://WWW.ESTADAO.COM.BR/ESTADAO-VERIFICA/LULA-CHILE-NAO-TERA-ELEICOES-2026/|FALSO|2025-07-23 07:00:00|HTTPS://ENCRYPTED-TBN0.GSTATIC.COM/IMAGES?Q=TBN:AND9GCQUBBJONJGFROQJWEM29LJL5YEPUFVYFJB6UZIV2SF_Y_RDRLLP|['Luiz Inácio Lula da Silva', 'Eleição']
LUÍS ROBERTO BARROSO E EUA AGIRAM PARA COMPRAR CHIPS FRAUDULENTOS DE TAIWAN PARA ROUBAR VOTOS PARA LULA EM 2022|ESTADÃO|HTTPS://WWW.ESTADAO.COM.BR/ESTADAO-VERIFICA/BARROSO-COMPROU-CHIPS-ADULTERADOS-TAIWAN-ROUBAR-VOTOS-LULA-FALSO/|FALSO|2025-08-14 07:00:00|HTTPS://ENCRYPTED-TBN3.GSTATIC.COM/IMAGES?Q=TBN:AND9GCTSQZK51XIX5P6NHEDLDGJZFDADPGC1BWRJWMXKSRYEIUC3PTY5|['Luís Roberto Barroso', 'Taiwan', 'Votação', 'Luiz Inácio Lula da Silva', 'Circuito integrado', '2022', 'Estados Unidos']
EM VÍDEO, CELEBRIDADES DECLARAM APOIO A LULA EM 2026|PROJETO COMPROVA|HTTPS://PROJETOCOMPROVA.COM.BR/PUBLICA%C3%A7%C3%B5ES/DEEPFAKES-NO-TIKTOK-USAM-CELEBRIDADES-PARA-SIMULAR-APOIO-A-LULA-NAS-ELEICOES-DE-2026/|FALSO|2025-08-13 07:00:00||['Luiz Inácio Lula da Silva', 'Celebridade', 'Vídeo']
PT COMPROU FILIADOS COM R$ 100 NA QUADRA DA UNIDOS DA VILA KENNEDY|ESTADÃO|HTTPS://WWW.ESTADAO.COM.BR/ESTADAO-VERIFICA/VIDEO-ESCOLA-DE-SAMBA-ELEICOES-INTERNAS-COMPRA-DE-FILIADOS-ENGANOSO/|FALSO|2025-07-24 07:00:00|HTTPS://ENCRYPTED-TBN1.GSTATIC.COM/IMAGES?Q=TBN:AND9GCT2KRXIC6NN7JKLV5PKKY8TXVUCYIS6LWOZNIPOC0SSRYXOD5SB|['Partido dos Trabalhadores', 'Partido dos Trabalhadores', 'Vila Kennedy', 'Unidos da Vila Kennedy']
DONALD TRUMP DECLAROU APOIO A BOLSONARO NAS ELEIÇÕES DE 2026 DURANTE EVENTO DA NASCAR|ESTADÃO|HTTPS://WWW.ESTADAO.COM.BR/ESTADAO-VERIFICA/FALSO-DONALD-TRUMP-APOIO-JAIR-BOLSONARO-CORRIDA-FLORIDA/|FALSO|2025-05-22 07:00:00|HTTPS://ENCRYPTED-TBN0.GSTATIC.COM/IMAGES?Q=TBN:AND9GCQK1SWQVRFU7ODJRTIKCWDFMNASWJT_-W4DJIYEZJVHL5HFBIIC|['Donald Trump', 'Jair Bolsonaro', 'Eleição', 'NASCAR']
PRIMEIRO AMERICANO DA HISTÓRIA A TORNAR-SE PAPA. ROBERT FRANCIS PREVOST É ELEITO PAPA.|OBSERVADOR|HTTPS://OBSERVADOR.PT/FACTCHECKS/FACT-CHECK-IMAGEM-DO-PAPA-LEAO-XIV-A-CUMPRIMENTAR-DONALD-TRUMP-E-VERDADEIRA/|FALSO|2025-05-21 07:00:00|HTTPS://ENCRYPTED-TBN0.GSTATIC.COM/IMAGES?Q=TBN:AND9GCTADCTWXJKK3C4HGBDESODJVXCPYDTK8HV0PR7JKSEAWXG2FU4Y|['Papa Leão XIV', 'Papa', 'Estados Unidos', 'Eleição']
CHEGA, DE ANDRÉ VENTURA, VENCEU ELEIÇÃO EM PORTUGAL|AOS FATOS|HTTPS://WWW.AOSFATOS.ORG/NOTICIAS/E-FALSO-QUE-PARTIDO-DE-ANDRE-VENTURA-VENCEU-ELEICOES-EM-PORTUGAL/|FALSO|2025-05-19 07:00:00|HTTPS://ENCRYPTED-TBN0.GSTATIC.COM/IMAGES?Q=TBN:AND9GCQFSKENTWPAIAKG7OYLHE63TFJSGJIVWJDTCR0_4FMT0JU5FDHN|['André Ventura', 'Chega!', 'Eleição', 'Portugal']
ANDRÉ VENTURA VENCEU A ELEIÇÃO EM PORTUGAL E AFIRMOU QUE VAI PROIBIR A ENTRADA DO PRESIDENTE BRASILEIRO LUIZ INÁCIO LULA DA SILVA NO PAÍS|ESTADÃO|HTTPS://WWW.ESTADAO.COM.BR/ESTADAO-VERIFICA/ANDRE-VENTURA-VENCE-ELEICAO-PORTUGAL-VAI-PROIBIR-ENTRADA-LULA-ENGANOSO/|FALSO|2025-05-19 07:00:00|HTTPS://ENCRYPTED-TBN1.GSTATIC.COM/IMAGES?Q=TBN:AND9GCSXQPRBIQBJPS9AFT9N0CZ2CNJONMI74XVOE6VXKU5-3RHHLX-B|['André Ventura', 'Luiz Inácio Lula da Silva', 'Eleição', 'Presidente', 'Portugal', 'País', 'Brasil']
BOLSONARO DIZ QUE SE RECUSA ESTAR INELEGÍVEL E ANUNCIA CANDIDATURA PARA PRESIDÊNCIA EM 2026|ESTADÃO|HTTPS://WWW.ESTADAO.COM.BR/ESTADAO-VERIFICA/BOLSONARO-ANUNCIA-CANDIDATURA-2026-FALSO/|FALSO|2025-06-10 07:00:00|HTTPS://ENCRYPTED-TBN0.GSTATIC.COM/IMAGES?Q=TBN:AND9GCQYMH4NCKESFF_9XRQU2O6BUF_0N5NJKBG5MUZ_C-VSGRQRUUTY|['Jair Bolsonaro', 'Presidente do Brasil', 'Candidato']
DONALD TRUMP DECLAROU APOIO A JAIR BOLSONARO EM 2026|AOS FATOS|HTTPS://WWW.AOSFATOS.ORG/NOTICIAS/TRUMP-NAO-DECLAROU-APOIO-A-BOLSONARO-NAS-ELEICOES-DE-2026/|FALSO|2025-05-23 07:00:00|HTTPS://ENCRYPTED-TBN0.GSTATIC.COM/IMAGES?Q=TBN:AND9GCTD60QNX7XG2BNRGQMWQALJF9549PTEE7URAUZ9LO_7XGTQIEOM|['Jair Bolsonaro', 'Donald Trump', '2026']
ANDRÉ VENTURA VENCE EM PORTUGAL E VAI PROIBIR A ENTRADA DE LULA NO PAÍS|AFP CHECAMOS|HTTPS://CHECAMOS.AFP.COM/DOC.AFP.COM.47LP8NP|FALSO|2025-05-21 07:00:00|HTTPS://ENCRYPTED-TBN1.GSTATIC.COM/IMAGES?Q=TBN:AND9GCR3TNSYSCMLKBGI1ICTHKPMDYR1J6IIOQ3KBCRGLXTCHMCJORI1|['André Ventura', 'Luiz Inácio Lula da Silva', 'Portugal', 'País']
ANDRÉ VENTURA VENCE EM PORTUGAL E AFIRMA QUE VAI PROIBIR A ENTRADA DE LULA NO PAÍS|UOL NOTÍCIAS|HTTPS://NOTICIAS.UOL.COM.BR/CONFERE/ULTIMAS-NOTICIAS/2025/05/21/PARTIDO-DE-ANDRE-VENTURA-NAO-VENCEU-ELEICOES-EM-PORTUGAL-EM-2025.HTM|FALSO|2025-05-21 07:00:00|HTTPS://ENCRYPTED-TBN0.GSTATIC.COM/IMAGES?Q=TBN:AND9GCRZZ_CXMPT2G9BVTDGH4SA9MA0MTNORBFXZK-G7YHJSK3EHX8BB|['André Ventura', 'Portugal', 'Luiz Inácio Lula da Silva', 'País']
PAPA FRANCISCO ENVIOU CARTA PARA JAIR BOLSONARO SOBRE AS ELEIÇÕES DE 2026|AOS FATOS|HTTPS://WWW.AOSFATOS.ORG/NOTICIAS/E-FALSO-QUE-PAPA-FRANCISCO-ENVIOU-RECADO-A-BOLSONARO-ANTES-DE-MORRER/|FALSO|2025-04-24 07:00:00|HTTPS://ENCRYPTED-TBN1.GSTATIC.COM/IMAGES?Q=TBN:AND9GCTNKIHZQLYREVYZUOADJ9SK03XTR-THIF3UDOB88CPTPKNFIAWL|['Papa Francisco', 'Jair Bolsonaro', 'Papa', 'Carta', 'Eleição']
APÓS ELEIÇÃO DE TRUMP, GILMAR MENDES DIZ QUE NÃO HOUVE TENTATIVA DE GOLPE|AFP CHECAMOS|HTTPS://CHECAMOS.AFP.COM/DOC.AFP.COM.42AU69D|FALSO|2025-04-14 07:00:00|HTTPS://ENCRYPTED-TBN0.GSTATIC.COM/IMAGES?Q=TBN:AND9GCRBRLCFXEDMRWSE7WU-YY56EOL3LH-B0ALZGAAAGXMPZLXG1BC6|['Gilmar Mendes', 'Golpe de Estado', 'Tentativa de golpe de Estado no Brasil em 2022–2023', 'Donald Trump', 'Eleição']
BOLSONARO CONTRARIA SEUS ELEITORES E CONFESSA QUE COPACABANA FLOPOU|UOL NOTÍCIAS|HTTPS://NOTICIAS.UOL.COM.BR/CONFERE/ULTIMAS-NOTICIAS/2025/04/01/POST-RECORTA-E-OMITE-CONTEXTO-DE-FALA-DE-BOLSONARO-COPACABANA-FLOPOU.HTM|FALSO|2025-04-01 07:00:00|HTTPS://ENCRYPTED-TBN2.GSTATIC.COM/IMAGES?Q=TBN:AND9GCSXS33TEYS1QXOXP2FSVXKUU9W0GY2KIGXFW9VUREDYOXKQJF4M|['Jair Bolsonaro', 'Copacabana', 'Eleição']
QUANDO ACABARAM AS ÚLTIMAS ELEIÇÕES, A ÚLTIMA AGORA, EM 2022, O MEU PARTIDO PETICIONOU NO TSE. NO DIA SEGUINTE, O MINISTRO PRESIDENTE DO TSE, ALEXANDRE DE MORAES, NÃO ACEITOU, MANDOU ARQUIVAR E NOS DEU UMA MULTA DE 22 MILHÕES. ALGUÉM JÁ VIU ALGUM ADVOGADO SER MULTADO AÍ, POR PETICIONAR O PODER JUDICIÁRIO?|AOS FATOS|HTTPS://WWW.AOSFATOS.ORG/NOTICIAS/APOS-SE-TORNAR-REU-BOLSONARO-MENTE-SOBRE-8-DE-JANEIRO-E-ELEICOES/|FALSO|2025-03-26 07:00:00|HTTPS://ENCRYPTED-TBN1.GSTATIC.COM/IMAGES?Q=TBN:AND9GCSRH4ZYLTX2R39ZH9DYV6KCPDZPUEBLPRY0UNXILJW-G6OAE4NO|['Eleição', 'Presidente', 'Tribunal Superior Eleitoral', 'Ministro', 'Partido político', 'Alexandre de Moraes', '2022', 'Presidente do Tribunal Superior Eleitoral do Brasil', 'Poder judiciário']
BOLSONARO CONFESSOU: LULA FOI PRESO EM 2018 PARA EU VENCER AS ELEIÇÕES|UOL NOTÍCIAS|HTTPS://NOTICIAS.UOL.COM.BR/CONFERE/ULTIMAS-NOTICIAS/2025/03/22/BOLSONARO-NAO-DISSE-QUE-SO-VENCEU-ELEICAO-PORQUE-LULA-FOI-PRESO.HTM|FALSO|2025-03-22 07:00:00|HTTPS://ENCRYPTED-TBN0.GSTATIC.COM/IMAGES?Q=TBN:AND9GCQV-NDFFQW7XIQ89FCDFGQ3HCO7-7B_BCW99BLS2VWSS3IMPNFR|['Luiz Inácio Lula da Silva', 'Jair Bolsonaro', 'Eleição', 'Prisão', '2018']
BOLSONARO CONFESSOU QUE SÓ VENCEU ELEIÇÕES EM 2018 PORQUE LULA FOI PRESO|AOS FATOS|HTTPS://WWW.AOSFATOS.ORG/NOTICIAS/BOLSONARO-NAO-CONFESSOU-VENCEU-ELEICOES-2018-LULA-FOI-PRESO/|FALSO|2025-03-19 07:00:00|HTTPS://ENCRYPTED-TBN3.GSTATIC.COM/IMAGES?Q=TBN:AND9GCRQA6PNPJ0IBGXTJRCTICZJOLEBDKBKYE9T9JUWPLNUUJLNZ8-X|['Jair Bolsonaro', 'Luiz Inácio Lula da Silva', 'Eleição', 'Prisão', 'Eleições presidenciais brasileiras, 2018', '2018']
"O CASO RUBENS PAIVA (QUE SÓ ANDAVA ARMADO ) VOLTOU A MÍDIA ATRAVÉS DO LAUREADO FILME ""AINDA ESTOU AQUI"". MAS QUEM ERA ESSE PERSONAGEM, CUJO O FILME RETRATA UM MÁRTIR, UM TIRADENTES MODERNO QUE MORREU PELA NOSSA LIBERDADE. NADA MAIS FALSO. O DEPUTADO RUBENS PAIVA, ELEITO PELO MDB, NA VERDADE ERA UM MILITANTE DO PCB (PARTIDO COMUNISTA BRASILEIRO)"|UOL NOTÍCIAS|HTTPS://NOTICIAS.UOL.COM.BR/CONFERE/ULTIMAS-NOTICIAS/2025/03/10/FALSO-RUBENS-PAIVA-PCB-VPR-CARLOS-LAMARCA.HTM|FALSO|2025-03-10 07:00:00|HTTPS://ENCRYPTED-TBN0.GSTATIC.COM/IMAGES?Q=TBN:AND9GCSLE4RPI9_4XCCMSGZQYP5P2JN3OR5M22HSIENQSOKWWZ7HI1PC|['Rubens Paiva', 'Partido Comunista Brasileiro', 'Partido político', 'Deputado', 'PMDB', 'Brasil', 'Eleição']
URGENTE. ELON MUSK EXPÕE ESCÂNDALO: 20 MILHÕES DE IDOSOS ENTRE 100 E 159 ANOS RECEBEM PREVIDÊNCIA. COMO ISSO É POSSÍVEL?! FINALMENTE ENCONTRARAM OS LEITORES DE JOE BIDEN! QUEM LEMBRA DAS ELEIÇÕES DE 2020 VAI ENTENDER..|UOL NOTÍCIAS|HTTPS://NOTICIAS.UOL.COM.BR/CONFERE/ULTIMAS-NOTICIAS/2025/03/06/FALSO-MUSK-FRAUDE-PREVIDENCIA-EUA.HTM|FALSO|2025-03-06 08:00:00|HTTPS://ENCRYPTED-TBN0.GSTATIC.COM/IMAGES?Q=TBN:AND9GCSXN5DUWNS3T35ZQWRT0C21DPEWT5NK8YS2PSHS42WL-5K023SU|['Elon Musk', 'Seguridade social', 'Joe Biden', 'Escândalo', 'Ano', 'Eleição', 'Idoso', '2020']
O POVO, EM GRANDE PARTE, TEVE ARMA, E DIMINUÍMOS EM QUASE 30% O NÚMERO DE MORTES POR ARMA DE FOGO NO BRASIL.|AOS FATOS|HTTPS://WWW.AOSFATOS.ORG/NOTICIAS/APOS-SE-TORNAR-REU-BOLSONARO-MENTE-SOBRE-8-DE-JANEIRO-E-ELEICOES/|FALSO|2025-03-26 07:00:00|HTTPS://ENCRYPTED-TBN1.GSTATIC.COM/IMAGES?Q=TBN:AND9GCSRH4ZYLTX2R39ZH9DYV6KCPDZPUEBLPRY0UNXILJW-G6OAE4NO|['Morte', 'Arma', 'Brasil', 'Arma de fogo', 'Número', 'Fogo', '1930', 'O Povo']
[CONCLUSÃO DO INQUÉRITO DO PSDB:] AS URNAS SÃO INAUDITÁVEIS. NÃO SOU EU QUE DISSE ISSO.|AOS FATOS|HTTPS://WWW.AOSFATOS.ORG/NOTICIAS/APOS-SE-TORNAR-REU-BOLSONARO-MENTE-SOBRE-8-DE-JANEIRO-E-ELEICOES/|FALSO|2025-03-26 07:00:00|HTTPS://ENCRYPTED-TBN1.GSTATIC.COM/IMAGES?Q=TBN:AND9GCSRH4ZYLTX2R39ZH9DYV6KCPDZPUEBLPRY0UNXILJW-G6OAE4NO|['Urna eleitoral', 'PSDB', 'Partido da Social Democracia Brasileira', 'Inquérito policial']
COMO É QUE ELE CHEGOU? 29 DE JULHO DE 21. (...) E DIZENDO QUE EU DIFUNDI FAKE NEWS. EU DIFUNDI O QUE TINHA DENTRO DO INQUÉRITO [1.361, DE 2018]. SE É FAKE NEWS, O INQUÉRITO É MENTIROSO.|AOS FATOS|HTTPS://WWW.AOSFATOS.ORG/NOTICIAS/APOS-SE-TORNAR-REU-BOLSONARO-MENTE-SOBRE-8-DE-JANEIRO-E-ELEICOES/|FALSO|2025-03-26 07:00:00|HTTPS://ENCRYPTED-TBN1.GSTATIC.COM/IMAGES?Q=TBN:AND9GCSRH4ZYLTX2R39ZH9DYV6KCPDZPUEBLPRY0UNXILJW-G6OAE4NO|['Notícia', '2018', 'Notícia falsa', 'Julho', 'Inquérito policial', '2021', 'Mentira']
EU NÃO INTERFERI NO TSE, O OUTRO LADO INTERFERIU.|AOS FATOS|HTTPS://WWW.AOSFATOS.ORG/NOTICIAS/APOS-SE-TORNAR-REU-BOLSONARO-MENTE-SOBRE-8-DE-JANEIRO-E-ELEICOES/|FALSO|2025-03-26 07:00:00|HTTPS://ENCRYPTED-TBN1.GSTATIC.COM/IMAGES?Q=TBN:AND9GCSRH4ZYLTX2R39ZH9DYV6KCPDZPUEBLPRY0UNXILJW-G6OAE4NO|['Tribunal Superior Eleitoral']
NÃO ENCONTRARAM NENHUMA ARMA AQUI [NO 8 DE JANEIRO]|AOS FATOS|HTTPS://WWW.AOSFATOS.ORG/NOTICIAS/APOS-SE-TORNAR-REU-BOLSONARO-MENTE-SOBRE-8-DE-JANEIRO-E-ELEICOES/|FALSO|2025-03-26 07:00:00|HTTPS://ENCRYPTED-TBN1.GSTATIC.COM/IMAGES?Q=TBN:AND9GCSRH4ZYLTX2R39ZH9DYV6KCPDZPUEBLPRY0UNXILJW-G6OAE4NO|['Arma', 'Ataques de 8 de janeiro em Brasília', 'Janeiro']
EU NÃO PUDE MOSTRAR IMAGENS DO LULA FALANDO QUE UM POBRE COITADO ROUBA CELULAR PARA TOMAR CERVEJINHA.|AOS FATOS|HTTPS://WWW.AOSFATOS.ORG/NOTICIAS/APOS-SE-TORNAR-REU-BOLSONARO-MENTE-SOBRE-8-DE-JANEIRO-E-ELEICOES/|FALSO|2025-03-26 07:00:00|HTTPS://ENCRYPTED-TBN1.GSTATIC.COM/IMAGES?Q=TBN:AND9GCSRH4ZYLTX2R39ZH9DYV6KCPDZPUEBLPRY0UNXILJW-G6OAE4NO|['Luiz Inácio Lula da Silva', 'Imagem', 'Pobreza', 'Telefone celular']
O QUE QUE O LULA FEZ NO FINAL DO ANO PASSADO? TEVE AQUI REUNIÃO DO G20, [ELE] ASSINOU 37 MEMORANDOS E ACORDOS COM A CHINA. ENTRE ESSES ACORDOS, ENTREGOU O NOSSO URÂNIO PARA A CHINA.|AOS FATOS|HTTPS://WWW.AOSFATOS.ORG/NOTICIAS/APOS-SE-TORNAR-REU-BOLSONARO-MENTE-SOBRE-8-DE-JANEIRO-E-ELEICOES/|FALSO|2025-03-26 07:00:00|HTTPS://ENCRYPTED-TBN1.GSTATIC.COM/IMAGES?Q=TBN:AND9GCSRH4ZYLTX2R39ZH9DYV6KCPDZPUEBLPRY0UNXILJW-G6OAE4NO|['Luiz Inácio Lula da Silva', 'Urânio', 'G20', 'Reunião', 'Memorando', '19.ª reunião de cúpula do G20', 'China']
EU MONTEI UM MINISTÉRIO TÉCNICO.|AOS FATOS|HTTPS://WWW.AOSFATOS.ORG/NOTICIAS/APOS-SE-TORNAR-REU-BOLSONARO-MENTE-SOBRE-8-DE-JANEIRO-E-ELEICOES/|FALSO|2025-03-26 07:00:00|HTTPS://ENCRYPTED-TBN1.GSTATIC.COM/IMAGES?Q=TBN:AND9GCSRH4ZYLTX2R39ZH9DYV6KCPDZPUEBLPRY0UNXILJW-G6OAE4NO|['Ministério']
UE CRIA ESCUDO DEMOCRÁTICO EUROPEU QUE PERMITIRÁ A ANULAÇÃO DE ELEIÇÕES|AFP CHECAMOS|HTTPS://CHECAMOS.AFP.COM/DOC.AFP.COM.36YR42P|FALSO|2025-02-28 08:00:00|HTTPS://ENCRYPTED-TBN2.GSTATIC.COM/IMAGES?Q=TBN:AND9GCRBKQJEVZTMEEBJ7LX3QU78OAQONM5LBTEDFLKBJU_SVGRALPS4|['Eleição', 'União Europeia', 'Democracia', 'Europa', 'Partido Democrático Europeu']
FINANCIAL TIMES DISSE QUE JOE BIDEN FRAUDOU ELEIÇÕES BRASILEIRAS DE 2022|AOS FATOS|HTTPS://WWW.AOSFATOS.ORG/NOTICIAS/FINANCIAL-TIMES-BIDEN-ELEICOES-BRASILEIRAS/|FALSO|2025-02-28 08:00:00|HTTPS://ENCRYPTED-TBN0.GSTATIC.COM/IMAGES?Q=TBN:AND9GCSA2NFKWYNGXAF8OI878AP3OFNHI5RJ0Q9-KXVVPE1FZEGWWDS-|['Joe Biden', 'Eleição', 'Financial Times', 'Brasil', '2022', 'Eleições presidenciais brasileiras, 2022']
MARCOS DO VAL REVELA DOCUMENTOS SECRETOS QUE CONTÊM “PROVAS CLARAS” DE QUE “O MODELO DE CENSURA AMERICANO FOI APLICADO NO BRASIL” PARA INTERFERIR NAS ELEIÇÕES PRESIDENCIAIS DE 2022. “ME DERAM A AUTORIZAÇÃO PARA FALAR”, DIZ ELE, ACRESCENTANDO QUE GUARDAVA O MATERIAL, EM SILÊNCIO, DESDE 2023.|UOL NOTÍCIAS|HTTPS://NOTICIAS.UOL.COM.BR/COMPROVA/ULTIMAS-NOTICIAS/2025/02/20/DOCUMENTOS-DA-USAID-SAO-PUBLICOS-NEM-PROVAM-MODELO-DE-CENSURA-NO-BRASIL.HTM|FALSO|2025-02-20 08:00:00|HTTPS://ENCRYPTED-TBN1.GSTATIC.COM/IMAGES?Q=TBN:AND9GCRUCGHSCWSYE3KUETPMFRJ0QIOOHNXGCN6GYS9HYOEKDOFHM950|['Brasil', 'Documento', 'Eleição', 'Marcos do Val', '2022', 'Eleições presidenciais brasileiras, 2022', 'Eleições presidenciais', 'Pará', 'América']
ELON MUSK POSTOU NO X PROVAS DE QUE ELEIÇÕES BRASILEIRAS FORAM FRAUDADAS E QUE JAIR BOLSONARO (PL) VENCEU AS ELEIÇÕES DE 2022|AOS FATOS|HTTPS://WWW.AOSFATOS.ORG/NOTICIAS/FALSO-ELON-MUSK-PUBLICOU-PROVA-VITORIA-BOLSONARO-2022/|FALSO|2025-02-19 08:00:00|HTTPS://ENCRYPTED-TBN3.GSTATIC.COM/IMAGES?Q=TBN:AND9GCS8ECMXDKXGBRKAASDB8FAPAOAITDINVBLMCRFQMUJW2PIA6HEG|['Jair Bolsonaro', 'Elon Musk', 'Eleição', '2022', 'Eleições presidenciais brasileiras, 2022', 'Partido Liberal', 'Brasil']
BRETON SUGERE QUE AS ELEIÇÕES NA ALEMANHA SERÃO ANULADAS SE A AFD VENCER|AFP CHECAMOS|HTTPS://CHECAMOS.AFP.COM/DOC.AFP.COM.36Y23E9|FALSO|2025-02-17 08:00:00|HTTPS://ENCRYPTED-TBN1.GSTATIC.COM/IMAGES?Q=TBN:AND9GCT2YRTEMNSI1KSTWV3GPG-MMHYMEIG_H9K1CVMZNC__1SFTKHI9|['Eleição', 'Eleições na Alemanha', 'Alemanha', 'Alternativa para a Alemanha']
FRAUDE ELEITORAL: USAID PAGOU US$ 500 MIL À EMPRESA SMARTMATIC, QUE FORNECEU URNAS ELETRÔNICAS AO BRASIL EM 2022|ESTADÃO|HTTPS://WWW.ESTADAO.COM.BR/ESTADAO-VERIFICA/USAID-500-MIL-SMARTMATIC-URNAS-ELEICOES-2022-FALSO/|FALSO|2025-02-13 08:00:00|HTTPS://ENCRYPTED-TBN1.GSTATIC.COM/IMAGES?Q=TBN:AND9GCQEDGVLHHRRGFTPAEDHKMABL5BVSDVZAS5-ZTOLZZVEMXGQSXTM|['Smartmatic', 'Agência dos Estados Unidos para o Desenvolvimento Internacional', 'Eleição', 'Brasil', 'Fraude eleitoral']
A VERDADE. O FOTÓGRAFO FLAGRADO DIRIGINDO AS AÇÕES DOS INVASORES DO DE JANEIRO DA AGÊNCIA DE NOTÍCIAS REUTERS, QUE RECEBEU MILHÕES DE DÓLARES DA USAID, QUE ATUOU NA ELEIÇÃO DE 22 NO BRASIL A FAVOR DE LULA.|UOL NOTÍCIAS|HTTPS://NOTICIAS.UOL.COM.BR/CONFERE/ULTIMAS-NOTICIAS/2025/02/11/FALSO-FOTOGRAFO-REUTERS-USAID.HTM|FALSO|2025-02-11 08:00:00|HTTPS://ENCRYPTED-TBN0.GSTATIC.COM/IMAGES?Q=TBN:AND9GCQVXS5S9G8J7THEWA2SLGLN1GZ83_V--STGLWTMNY7QP8WKMTR-|['Agência dos Estados Unidos para o Desenvolvimento Internacional', 'Reuters', 'Notícia', 'Agência de notícias', 'Luiz Inácio Lula da Silva', 'Eleição']
PESQUISA REVELA QUE 82% DOS BRASILEIROS DEPORTADOS DOS ESTADOS UNIDOS VOTARAM EM LULA (PT) NA ÚLTIMA ELEIÇÃO|AOS FATOS|HTTPS://WWW.AOSFATOS.ORG/NOTICIAS/PERCENTUAL-FALSO-DEPORTADOS-VOTARAM-EM-LULA/|FALSO|2025-02-03 08:00:00|HTTPS://ENCRYPTED-TBN3.GSTATIC.COM/IMAGES?Q=TBN:AND9GCSSYATYPVJYFV3ZYVMMQANS2R8YUDD_UZBJLTRH4OSM7PYTCAUN|['Luiz Inácio Lula da Silva', 'Deportação', 'Estados Unidos', 'Eleição', 'Partido dos Trabalhadores', 'Pesquisa', 'Partido dos Trabalhadores']
"LULA DISSE: ""AS PESSOAS TÊM QUE PASSAR FOME PARA APRENDER A LUTAR"", ""POBRE É IMBECIL, É IGNORANTE"", ""O POBRE É UM NÚMERO, ÀS VEZES BONITO PARA SE UTILIZAR EM CAMPANHA"" E ""ACABOU AS ELEIÇÕES, ACABOU O INTERESSE PELO POBRE"""|UOL NOTÍCIAS|HTTPS://NOTICIAS.UOL.COM.BR/CONFERE/ULTIMAS-NOTICIAS/2025/01/21/VIDEO-FALAS-LULA-POBRES-DISTORCIDO.HTM|FALSO|2025-01-21 08:00:00|HTTPS://ENCRYPTED-TBN0.GSTATIC.COM/IMAGES?Q=TBN:AND9GCRGTA2XPWRTFCO8SKMKAGLMBNHJF1RNQARPRNODZTTCNG4NFKUT|['Luiz Inácio Lula da Silva', 'Pobreza', 'Eleição', 'Número', 'Fome', 'Ignorância', 'Aprendizagem', 'Interesse']
SE O PRESIDENTE MORRE ANTES DE 2 ANOS DE GOVERNO É OBRIGATÓRIO CONVOCAR NOVAS ELEIÇÕES|AFP CHECAMOS|HTTPS://CHECAMOS.AFP.COM/DOC.AFP.COM.36QK83R|FALSO|2024-12-17 08:00:00|HTTPS://ENCRYPTED-TBN1.GSTATIC.COM/IMAGES?Q=TBN:AND9GCT1VJZGXXPW22N9RYOHC-ZDZOZG4D4_SFWGHBBG8CLN2XUMAOQN|['Eleição', 'Presidente', 'Morte', 'Governo']
SE LULA MORRER ESTE ANO HAVERÁ NOVAS ELEIÇÕES|AOS FATOS|HTTPS://WWW.AOSFATOS.ORG/NOTICIAS/FALSO-NOVAS-ELEICOES-SE-LULA-MORRER-2024/|FALSO|2024-12-17 08:00:00|HTTPS://ENCRYPTED-TBN1.GSTATIC.COM/IMAGES?Q=TBN:AND9GCSXDEA9VXMKE5S-LVTVLCDEZZ78TRXOWYN7TCG_UQXT1DZGT4TB|['Luiz Inácio Lula da Silva', 'Eleição']
ELON MUSK UTILIZOU A STARLINK PARA MANIPULAR AS NOSSAS ELEIÇÕES, PARA QUE ELE POSSA TER COISAS BOAS ENQUANTO INFLIGE DOR AOS AMERICANOS. VAMOS MESMO FECHAR OS OLHOS E DEIXAR OS PIORES DE NÓS GOVERNAR O PAÍS.|OBSERVADOR|HTTPS://OBSERVADOR.PT/FACTCHECKS/FACT-CHECK-ELON-MUSK-UTILIZOU-OS-SATELITES-STARLINK-PARA-MANIPULAR-ELEICOES-DOS-EUA/|FALSO|2024-11-26 08:00:00|HTTPS://ENCRYPTED-TBN3.GSTATIC.COM/IMAGES?Q=TBN:AND9GCSPOSTEKUTGC_77FQOKLZVGRXRFRC2VLIFGVKU-4CRTMZLV5X96|['Elon Musk', 'Eleição', 'Starlink', 'Estados Unidos', 'Governo', 'Dor']
VÍDEO MOSTRA JOSÉ MUJICA COMEMORANDO VITÓRIA NAS ELEIÇÕES URUGUAIAS DE 2024|AFP CHECAMOS|HTTPS://CHECAMOS.AFP.COM/DOC.AFP.COM.36NB6CM|FALSO|2024-11-26 08:00:00|HTTPS://ENCRYPTED-TBN2.GSTATIC.COM/IMAGES?Q=TBN:AND9GCQ9XEGZMEBRQ9EDKXEPXO6K5UH5TPHLSDWV-_TBHXA5DPHGVFVK|['José Mujica', 'Eleição', '2024', 'Vídeo', 'Uruguaios']
AGORA É OFICIAL: BOLSONARO SERÁ CANDIDATO PARA A PRESIDÊNCIA EM 2026|ESTADÃO|HTTPS://WWW.ESTADAO.COM.BR/ESTADAO-VERIFICA/BOLSONARO-CANDIDATO-PRESIDENTE-2026-FALSO/|FALSO|2024-12-16 08:00:00|HTTPS://ENCRYPTED-TBN1.GSTATIC.COM/IMAGES?Q=TBN:AND9GCSXV30WSCG6AGISEX14RKSG5IAYMJLYMOHUOIGEMBH9ADNVIL2F|['Jair Bolsonaro', 'Presidente do Brasil', 'Candidato', 'Oficial']
KAMALA HARRIS FINGIU LIGAÇÃO TELEFÔNICA COM ELEITOR DURANTE COMÍCIO|AOS FATOS|HTTPS://WWW.AOSFATOS.ORG/NOTICIAS/VIDEO-NAO-PROVA-KAMALA-FINGIU-LIGACAO-COM-ELEITOR/|FALSO|2024-11-07 08:00:00|HTTPS://ENCRYPTED-TBN3.GSTATIC.COM/IMAGES?Q=TBN:AND9GCRBOY-I5948FOTG4PERE39UK9PBBRID-0YVS2QUWFEC-TRDZ0XR|['Kamala Harris', 'Eleição', 'Eleitor', 'Telefone', 'Chamada telefônica']
KAMALA HARRIS FORJOU LIGAÇÃO COM ELEITORES|ESTADÃO|HTTPS://WWW.ESTADAO.COM.BR/ESTADAO-VERIFICA/KAMALA-FINGIU-CONVERSA-TELEFONE-ELEITOR-ENGANOSO/|FALSO|2024-11-06 08:00:00|HTTPS://ENCRYPTED-TBN2.GSTATIC.COM/IMAGES?Q=TBN:AND9GCRL8J2E8ZNEQXWYYVG4JKQLETE3_W7NH5MZ_LKJ_O0ZJOUAPH7U|['Kamala Harris', 'Eleição']
MAPAS MOSTRAM ONDE ESQUERDA VENCEU EM ELEIÇÕES MUNICIPAIS DESDE 2004|ESTADÃO|HTTPS://WWW.ESTADAO.COM.BR/ESTADAO-VERIFICA/MAPAS-ESQUERDA-ELEICOES-MUNICIPAIS/|FALSO|2024-11-04 08:00:00|HTTPS://ENCRYPTED-TBN0.GSTATIC.COM/IMAGES?Q=TBN:AND9GCQTY5ALQO8JFMNYMGZ5QSW-7WXIDNZVVMKCRNRNP4IZ4FGFGLKA|['Eleição', 'Esquerda', 'Mapa', 'Eleições municipais no Brasil', '2004']
VÍDEO MOSTRA FRAUDE ELEITORAL NOS EUA NA QUAL VOTO DE TRUMP É TRANSFERIDO PARA KAMALA|AOS FATOS|HTTPS://WWW.AOSFATOS.ORG/NOTICIAS/FALSO-VOTO-PARA-TRUMP-FOI-COMPUTADO-KAMALA/|FALSO|2024-11-01 07:00:00|HTTPS://ENCRYPTED-TBN1.GSTATIC.COM/IMAGES?Q=TBN:AND9GCR6VKOUNORZ_7XJHQPIO696JEXMWGBUIQILTPTVKSEIAYATYCZP|['Kamala Harris', 'Donald Trump', 'Votação', 'Eleição', 'Estados Unidos', 'Fraude eleitoral', 'Fraude', 'Vídeo']
ABC MOSTROU RESULTADO DA ELEIÇÃO PRESIDENCIAL NA PENSILVÂNIA DIAS ANTES DO PLEITO|ESTADÃO|HTTPS://WWW.ESTADAO.COM.BR/ESTADAO-VERIFICA/TV-NA-PENSILVANIA-NAO-ANTECIPOU-RESULTADO-DAS-ELEICOES-DOS-EUA-POST-MOSTRA-TESTE-EXIBIDO-POR-ENGANO/|FALSO|2024-11-01 07:00:00|HTTPS://ENCRYPTED-TBN3.GSTATIC.COM/IMAGES?Q=TBN:AND9GCR39MBJ-DPHCZWP8MVN5DB4YG6VRWI2J5QDRPACE82WVWF2BLZS|['Eleição', 'Pensilvânia', 'Eleições presidenciais', 'Presidente', 'Resultado']
DEFESA DE GUSTAVO GAYER SE MANIFESTA SOBRE AS OPERAÇÕES DA PF ÀS VÉSPERAS DA ELEIÇÃO. “NÃO PODEM SER DEFLAGRADAS NO ÁPICE DO PROCESSO ELEITORAL”|PROJETO COMPROVA|HTTPS://PROJETOCOMPROVA.COM.BR/PUBLICA%C3%A7%C3%B5ES/ENTENDA-A-OPERACAO-DA-PF-CONTRA-O-DEPUTADO-GUSTAVO-GAYER/|VERDADEIRO|2024-10-27 07:00:00||['Gustavo Gayer', 'Polícia Federal', 'Departamento de Polícia Federal', 'Eleição', 'Processo judicial', 'Vésperas']
SILVIO ALMEIDA GRAVOU VÍDEO PEDINDO VOTOS PARA BOULOS NA ELEIÇÃO MUNICIPAL DE 2024|AOS FATOS|HTTPS://WWW.AOSFATOS.ORG/NOTICIAS/VIDEO-NAO-MOSTRA-SILVIO-ALMEIDA-PEDINDO-VOTO-EM-BOULOS-ELEICOES-2024/|FALSO|2024-10-18 07:00:00|HTTPS://ENCRYPTED-TBN0.GSTATIC.COM/IMAGES?Q=TBN:AND9GCQK-UZ6B5U5BQYETQ3KQUWNLNFSGILHWWFHV5WEODXFESTT52_W|['Guilherme Boulos', 'Silvio Luiz de Almeida', 'Eleição', 'Votação', 'Eleições municipais no Brasil em 2024', 'Eleição municipal', '2024', 'Vídeo']
ELON MUSK DENUNCIOU FRAUDE NAS ELEIÇÕES DE 2022 NO BRASIL|ESTADÃO|HTTPS://WWW.ESTADAO.COM.BR/ESTADAO-VERIFICA/ELON-MUSK-NAO-DENUNCIOU-FRAUDE-NAS-ELEICOES-BRASILEIRAS-DE-2022/|FALSO|2024-10-17 07:00:00|HTTPS://ENCRYPTED-TBN3.GSTATIC.COM/IMAGES?Q=TBN:AND9GCSZRYOPEOX6_DCYILD54I-LQ8-HPT8RY_URZYMOL_RSL0N7RM0K|['Elon Musk', 'Eleição', 'Brasil', 'Eleições presidenciais brasileiras, 2022', '2022', 'Fraude']
BOULOS (PSOL) TERIA ULTRAPASSADO MARÇAL (PRTB) NA MESMO HORA EM QUE DILMA (PT) E LULA (PT) VIRARAM CONTRA SEUS ADVERSÁRIOS, O QUE INDICARIA FRAUDE NAS ELEIÇÕES|METRÓPOLES|HTTPS://WWW.METROPOLES.COM/PROJETO-COMPROVA/VIRADAS-NA-APURACAO-DAS-URNAS-NAO-INDICAM-FRAUDE-NAS-ELEICOES-ENTENDA|FALSO|2024-10-16 07:00:00||['Eleição', 'Guilherme Boulos', 'Dilma Rousseff', 'Partido Socialismo e Liberdade', 'Partido dos Trabalhadores', 'Pablo Marçal', 'Luiz Inácio Lula da Silva', 'Partido Renovador Trabalhista Brasileiro']
CONTINUAREMOS COM A QUIMIOTERAPIA. UM DIA ESSE CÂNCER DESAPARECE|UOL NOTÍCIAS|HTTPS://NOTICIAS.UOL.COM.BR/CONFERE/ULTIMAS-NOTICIAS/2024/11/06/POST-DISTORCE-MAPAS-E-OMITE-RESULTADOS-DE-ELEICOES-DE-2022-NO-BRASIL.HTM|FALSO|2024-11-06 08:00:00|HTTPS://ENCRYPTED-TBN3.GSTATIC.COM/IMAGES?Q=TBN:AND9GCRTFZROAPY_9JJLYU363OEK8HRIXNA7GQ6BYNYX8GFUUNJUQSDQ|['Câncer', 'Quimioterapia']
TERIA HAVIDO FRAUDE NAS ELEIÇÕES PRESIDENCIAIS DE 2022|METRÓPOLES|HTTPS://WWW.METROPOLES.COM/PROJETO-COMPROVA/POST-TIRA-VIDEO-CONTEXTO-PARA-ALEGAR-FRAUDE-ELEICOES-2022|FALSO|2024-10-11 07:00:00||['Eleição', '2022', 'Eleições presidenciais brasileiras, 2022', 'Presidente', 'Eleições presidenciais', 'Fraude']
BOULOS COMETEU CRIME ELEITORAL AO VOTAR COM A FAMÍLIA|PROJETO COMPROVA|HTTPS://PROJETOCOMPROVA.COM.BR/PUBLICA%C3%A7%C3%B5ES/BOULOS-NAO-COMETEU-CRIME-ELEITORAL-AO-VOTAR-COM-A-FAMILIA-AVALIAM-ESPECIALISTAS/|VERDADEIRO|2024-10-09 07:00:00|HTTPS://ENCRYPTED-TBN2.GSTATIC.COM/IMAGES?Q=TBN:AND9GCQHIGJQLQBGWETK62GT6MOWVGSIPVVKF-JQ5D6PE2UFL-TKDETP|['Guilherme Boulos', 'Fraude eleitoral', 'Votação', 'Eleição']
RODRIGO PACHECO FOI CHAMADO DE “TRAIDOR” AO VOTAR NAS ELEIÇÕES MUNICIPAIS NESTE DOMINGO, 6|ESTADÃO|HTTPS://WWW.ESTADAO.COM.BR/ESTADAO-VERIFICA/ELEITORES-CHAMAM-RODRIGO-PACHECO-DE-TRAIDOR-ENGANOSO-2022/|FALSO|2024-10-08 07:00:00|HTTPS://ENCRYPTED-TBN1.GSTATIC.COM/IMAGES?Q=TBN:AND9GCT3LPVB2U4BGAMYD0GRJF3BPIM8QJGZV0CN7PQW6LZEI19FNEEY|['Rodrigo Pacheco', 'Eleição', 'Votação', 'Eleições municipais no Brasil']
APÓS DERROTA DE BOULOS, SP TEM VÁRIAS INVASÕES|PROJETO COMPROVA|HTTPS://PROJETOCOMPROVA.COM.BR/PUBLICA%C3%A7%C3%B5ES/OCUPACOES-EM-SAO-PAULO-NAO-TIVERAM-RELACAO-COM-RESULTADO-DAS-ELEICOES/|FALSO|2024-11-01 07:00:00||['Guilherme Boulos', 'São Paulo']
PT ELEGEU APENAS 46 PREFEITOS NA ELEIÇÃO MUNICIPAL DE 2024|AOS FATOS|HTTPS://WWW.AOSFATOS.ORG/NOTICIAS/PT-ELEGEU-248-PREFEITOS-NAO-46/|FALSO|2024-10-07 07:00:00|HTTPS://ENCRYPTED-TBN1.GSTATIC.COM/IMAGES?Q=TBN:AND9GCQCALSQHJXXOFBQICTL_A-S_TL1L74T2ZB4BUBCMBF-AVWJVOZS|['Partido dos Trabalhadores', 'Eleição', 'Partido dos Trabalhadores', 'Prefeito', 'Eleições municipais no Brasil em 2024', 'Eleição municipal', '2024']
NÃO É POSSÍVEL RECONTAGEM DE VOTOS E A POPULAÇÃO NÃO PODE AUDITAR AS ELEIÇÕES|AOS FATOS|HTTPS://WWW.AOSFATOS.ORG/NOTICIAS/FALSO-ELEICOES-BRASIL-NAO-SAO-AUDITAVEIS-NEM-PERMITEM-RECONTAGEM/|FALSO|2024-10-07 07:00:00|HTTPS://ENCRYPTED-TBN2.GSTATIC.COM/IMAGES?Q=TBN:AND9GCT6JL2SM71TBVHDLGGKOIMROJJRFAM8BDE__IYH3S-17JBO_P38|['Votação', 'Eleição']
CANDIDATO A PREFEITO QUE FEZ CHUVA DE DINHEIRO PARA ELEITORES NO AMAZONAS E FOI PRESO EM FLAGRANTE PELA PF É DO PT|UOL NOTÍCIAS|HTTPS://NOTICIAS.UOL.COM.BR/CONFERE/ULTIMAS-NOTICIAS/2024/10/05/CANDIDATO-PRESO-POR-DISTRIBUIR-DINHEIRO-NO-AM-NAO-E-DO-PT.HTM|FALSO|2024-10-05 07:00:00|HTTPS://ENCRYPTED-TBN3.GSTATIC.COM/IMAGES?Q=TBN:AND9GCTPXRDNX4WF_NMVLQ8SL-K4D4UXYEOJ_CB2ODLR855SFDU9OM4U|['Candidato', 'Dinheiro', 'Prisão', 'Eleição', 'Amazonas', 'Prefeito', 'Departamento de Polícia Federal', 'Polícia Federal', 'Chuva']
DIÁLOGO MOSTRA QUE MORAES CONVERSOU COM ENGENHEIRO DA ORACLE PARA FRAUDAR ELEIÇÕES|AOS FATOS|HTTPS://WWW.AOSFATOS.ORG/NOTICIAS/DIALOGO-FALSO-MORAES-ENGENHEIRO-ORACLE-FRAUDE-2022/|FALSO|2024-10-05 07:00:00|HTTPS://ENCRYPTED-TBN0.GSTATIC.COM/IMAGES?Q=TBN:AND9GCQHUOYOOHRLBDPFZPFFVC6XGJELBZLDGKVMNV3YWCP-WLO2XJDP|['Alexandre de Moraes', 'Fraude', 'Eleição', 'Oracle Corporation', 'Diálogo', 'Engenheiro']
ELES VÃO *FRAUDAR* NOVAMENTE AS *ELEIÇÕES,* SE PREPAREM: *BOULOS SERÁ ELEITO EM SÃO PAULO.* A *FRAUDE* ESTARÁ NA URNA NO *MOMENTO DA SUA VOTAÇÃO.* A QUESTÃO É: *NÃO CONFUNDIR CONFIRA* COM *CONFIRMA.|BOATOS.ORG|HTTPS://WWW.BOATOS.ORG/POLITICA/VAO-FRAUDAR-ELEICOES-PARA-BOULOS-GANHAR-COM-TECLA-CONFIRA-SEU-VOTO-NAS-URNAS.HTML|FALSO|2024-10-02 07:00:00|HTTPS://ENCRYPTED-TBN3.GSTATIC.COM/IMAGES?Q=TBN:AND9GCQEZPAIGOPOADVVAH7FNWM90WR3YTAY0GCKRQPQWVWVGAS5HRQR|['Votação', 'Eleição', 'Guilherme Boulos', 'Fraude', 'Urna eleitoral', 'Sé', 'São Paulo']
MARÇAL TERIA EXAGERADO A GRAVIDADE DE SUA CONDIÇÃO APÓS SOFRER UMA AGRESSÃO EM DEBATE ELEITORAL|UOL NOTÍCIAS|HTTPS://NOTICIAS.UOL.COM.BR/COMPROVA/ULTIMAS-NOTICIAS/2024/09/25/ENTENDA-O-E-A-PULSEIRA-VERDE-DADA-EM-ATENDIMENTO-HOSPITALAR-A-MARCAL.HTM|VERDADEIRO|2024-09-25 07:00:00|HTTPS://ENCRYPTED-TBN0.GSTATIC.COM/IMAGES?Q=TBN:AND9GCQETF6MJXTLOOH3Q-POL2CJ2J5TQ_KKP-KVF3JNLRIZSKTJTPHU|['Pablo Marçal', 'Eleição', 'Debate eleitoral', 'Agressão', 'Debate']
VOTAÇÃO NAS ELEIÇÕES MUNICIPAIS DE 2024 SERVIRÁ COMO PROVA DE VIDA PARA INSS|AFP CHECAMOS|HTTPS://CHECAMOS.AFP.COM/DOC.AFP.COM.36GQ8EW|FALSO|2024-09-20 07:00:00|HTTPS://ENCRYPTED-TBN0.GSTATIC.COM/IMAGES?Q=TBN:AND9GCSG-FBUR6EBFA1SLBMZ552U8PRC882YPSQAZKCDAR_AZPZPNN8F|['Votação', 'Eleição', 'INSS', 'Instituto Nacional do Seguro Social', 'Eleições municipais no Brasil em 2024', '2024', 'Eleições municipais no Brasil']
"LULA CONFESSANDO EM VÍDEO QUE SÓ GANHOU AS ELEIÇÕES PORQUE O POVO NORDESTINO É ANALFABETO ""EU SÓ GANHEI AS ELEIÇÕES DELE PORQUE O POVO NORDESTINO É ANALFABETO""."|BOATOS.ORG|HTTPS://WWW.BOATOS.ORG/POLITICA/LULA-DISSE-QUE-GANHOU-AS-ELEICOES-PORQUE-POVO-NORDESTINO-E-ANALFABETO.HTML|FALSO|2024-09-18 07:00:00|HTTPS://ENCRYPTED-TBN3.GSTATIC.COM/IMAGES?Q=TBN:AND9GCQEZPAIGOPOADVVAH7FNWM90WR3YTAY0GCKRQPQWVWVGAS5HRQR|['Luiz Inácio Lula da Silva', 'Eleição', 'O Povo', 'Vídeo']
JUSTIÇA ELEITORAL PUBLICOU NAS REDES QUE VOTO SERVIRÁ COMO PROVA DE VIDA JUNTO AO INSS.|ESTADÃO|HTTPS://WWW.ESTADAO.COM.BR/ESTADAO-VERIFICA/VOTO-ELEICOES-PROVA-DE-VIDA-INSS/|FALSO|2024-09-18 07:00:00|HTTPS://ENCRYPTED-TBN3.GSTATIC.COM/IMAGES?Q=TBN:AND9GCR8K6-JMINRFVHJS4LWPBTPDRQ75VFABEJPCFYJZEAULCEKFVVJ|['Instituto Nacional do Seguro Social', 'Eleição', 'Votação', 'INSS', 'Justiça Eleitoral do Brasil', 'Rede de computadores']
SÓ O BRASIL USA URNAS ELETRÔNICAS|ESTADÃO|HTTPS://WWW.ESTADAO.COM.BR/ESTADAO-VERIFICA/APENAS-BRASIL-URNA-ELETRONICA-FALSO/|FALSO|2024-10-08 07:00:00|HTTPS://ENCRYPTED-TBN2.GSTATIC.COM/IMAGES?Q=TBN:AND9GCQBQ5BRLSBSBQBN7XEKXSQCVE7LPWUSSRHYYODDXCJ3CD3DCWUV|['Urna eletrônica', 'Urna eleitoral', 'Brasil']
COM 97,63% DAS URNAS APURADAS, BOLSONARO ESTAVA COM 55,38% DOS VOTOS, ENQUANTO LULA TINHA SOMENTE 35,80%|ESTADÃO|HTTPS://WWW.ESTADAO.COM.BR/ESTADAO-VERIFICA/BOLSONARO-55-LULA-35-FRAUDE-ELEITORAL-ENGANOSO/|FALSO|2024-10-05 07:00:00|HTTPS://ENCRYPTED-TBN1.GSTATIC.COM/IMAGES?Q=TBN:AND9GCQ9W-VLRLKT84T1PJZWJPO1SRMOWB9YRG7EH99CP7UJSTN8WNHY|['Jair Bolsonaro', 'Votação', 'Luiz Inácio Lula da Silva', 'Urna eleitoral', '1963', '1955']
VÍDEO: ELON MUSK ESTÁ APOIANDO PABLO MARCAL NAS ELEIÇÕES!|BOATOS.ORG|HTTPS://WWW.BOATOS.ORG/POLITICA/ELON-MUSK-DECLAROU-APOIO-A-PABLO-MARCAL-NAS-ELEICOES-DE-2024.HTML|FALSO|2024-09-03 07:00:00|HTTPS://ENCRYPTED-TBN1.GSTATIC.COM/IMAGES?Q=TBN:AND9GCRSQCOSDKN_NO0QPUXVY95LK9SDTDQHRIFMATCO04RJX-U83KPY|['Elon Musk', 'Pablo Marçal', 'Eleição', 'Vídeo']
CONVERSA ENTRE ALEXANDRE DE MORAES E ENGENHEIRO DA ORACLE CONFIRMA QUE HOUVE FRAUDE NAS URNAS|ESTADÃO|HTTPS://WWW.ESTADAO.COM.BR/ESTADAO-VERIFICA/ALEXANDRE-MORAES-ENGENHEIRO-ORACLE-URNAS-ELETRONICAS/|FALSO|2024-09-20 07:00:00|HTTPS://ENCRYPTED-TBN1.GSTATIC.COM/IMAGES?Q=TBN:AND9GCQYBADUVZTGM3HIEYCY9J5CQEWGIS10SVL8CCG0XUCMHW_OU8_1|['Alexandre de Moraes', 'Fraude nas urnas eletrônicas', 'Urna eleitoral', 'Fraude', 'Oracle Corporation']
TRUMP ALERTA SOBRE LOCKDOWNS, FRAUDE ELEITORAL E VARÍOLA DOS MACACOS|AFP CHECAMOS|HTTPS://CHECAMOS.AFP.COM/DOC.AFP.COM.36EN9MM|FALSO|2024-08-26 07:00:00|HTTPS://ENCRYPTED-TBN0.GSTATIC.COM/IMAGES?Q=TBN:AND9GCRFZCQEKVFBEZGKVVX7UCJUY8Q3LLH3BFRXMQ1FXD0BTLQRUFL6|['Donald Trump', 'Fraude eleitoral', 'Eleição', 'Mpox', 'Fraude', 'Vírus da varíola', 'Confinamento', 'Macaco']
TABELA COM LOGS DAS URNAS MOSTRA EM QUEM OS ELEITORES VOTARAM|AFP CHECAMOS|HTTPS://CHECAMOS.AFP.COM/DOC.AFP.COM.36ER9Y3|FALSO|2024-08-26 07:00:00|HTTPS://ENCRYPTED-TBN0.GSTATIC.COM/IMAGES?Q=TBN:AND9GCTF4SORHK2CGAF4PDJPIMYI15XFY8_WZ7OG3BXO01SNJGLUOCRB|['Urna eleitoral', 'Eleição']
ELON MUSK DIZ QUE LULA FOI NOMEADO E NÃO ELEITO.|ESTADÃO|HTTPS://WWW.ESTADAO.COM.BR/ESTADAO-VERIFICA/MUSK-LULA-NOMEADO-ELEITO-FALSO/|FALSO|2024-08-23 07:00:00|HTTPS://ENCRYPTED-TBN2.GSTATIC.COM/IMAGES?Q=TBN:AND9GCTGZUA1YGBWEGYIQS2KZYWO7VZM53GTZ1FRW65KZ_JMXLI4ACPX|['Luiz Inácio Lula da Silva', 'Elon Musk', 'Eleição']
PABLO MARÇAL APARECE EM 1º NA PESQUISA ELEITORAL DO INSTITUTO VERITÁ|AFP CHECAMOS|HTTPS://CHECAMOS.AFP.COM/DOC.AFP.COM.36EN68R|FALSO|2024-08-23 07:00:00|HTTPS://ENCRYPTED-TBN0.GSTATIC.COM/IMAGES?Q=TBN:AND9GCSWWGFXJCFWICRDPJWAY0D3NZKI9NOJFVQIUVKYOWL1WKDX4AOR|['Pablo Marçal', 'Eleição', 'Instituto Veritá', 'Pesquisa']
O VICE-PRESIDENTE DELA [TIM WALZ] DIZ QUE ABORTO NO NONO MÊS É ABSOLUTAMENTE NORMAL. ELE TAMBÉM DIZ QUE A EXECUÇÃO DEPOIS DO NASCIMENTO É OK|AOS FATOS|HTTPS://WWW.AOSFATOS.ORG/NOTICIAS/DESINFORMACAO-ELEICOES-2022-BRASIL-RESSURGE-DISCURSO-TRUMP/|FALSO|2024-09-16 07:00:00|HTTPS://ENCRYPTED-TBN2.GSTATIC.COM/IMAGES?Q=TBN:AND9GCTUUZF_PQCSC8CYDWUI6YFHQWVHJSUFX7AU0SO3BBL-ZFRR_GSN|['Presidente', 'Vice-presidente', 'Aborto', 'Mês', 'Tim Walz', 'Setembro']
EM SPRINGFIELD, ELES [IMIGRANTES] ESTÃO COMENDO CACHORROS, AS PESSOAS QUE VIERAM, ELES ESTÃO COMENDO GATOS. ELES ESTÃO COMENDO OS PETS DAS PESSOAS QUE VIVEM ALI. E ISSO É O QUE ESTÁ ACONTECENDO NO NOSSO PAÍS|AOS FATOS|HTTPS://WWW.AOSFATOS.ORG/NOTICIAS/DESINFORMACAO-ELEICOES-2022-BRASIL-RESSURGE-DISCURSO-TRUMP/|FALSO|2024-09-16 07:00:00|HTTPS://ENCRYPTED-TBN2.GSTATIC.COM/IMAGES?Q=TBN:AND9GCTUUZF_PQCSC8CYDWUI6YFHQWVHJSUFX7AU0SO3BBL-ZFRR_GSN|['País', 'Gato', 'Animal de estimação', 'Cachorro']
PARECE QUE KAMALA HARRIS ESTAVA SENDO TREINADA USANDO FONES DE OUVIDO EMBUTIDOS EM SEUS BRINCOS DURANTE O DEBATE PRESIDENCIAL DA ABC CONTRA O PRESIDENTE TRUMP|AOS FATOS|HTTPS://WWW.AOSFATOS.ORG/NOTICIAS/DESINFORMACAO-ELEICOES-2022-BRASIL-RESSURGE-DISCURSO-TRUMP/|FALSO|2024-09-16 07:00:00|HTTPS://ENCRYPTED-TBN2.GSTATIC.COM/IMAGES?Q=TBN:AND9GCTUUZF_PQCSC8CYDWUI6YFHQWVHJSUFX7AU0SO3BBL-ZFRR_GSN|['Donald Trump', 'Kamala Harris', 'Presidente', 'Debate', 'Debate eleitoral', 'Fone de ouvido', 'Brinco', 'Orelha']
"""LULA CONFESSA QUE GASTOU 60 BILHÕES DE DÓLARES NA COMPRA DE VOTOS PARA VENCER AS ELEIÇÕES DE 2022"""|OBSERVADOR|HTTPS://OBSERVADOR.PT/FACTCHECKS/FACT-CHECK-LULA-CONFESSA-QUE-GASTOU-60-MIL-MILHOES-DE-DOLARES-A-COMPRAR-VOTOS/|FALSO|2024-08-23 07:00:00|HTTPS://ENCRYPTED-TBN3.GSTATIC.COM/IMAGES?Q=TBN:AND9GCQOV_MHEO-5LPG4QYWWSYMKCQVBELWVUBH6SGQDSOE1UNX2YU8W|['Luiz Inácio Lula da Silva', 'Votação', 'Eleição', 'Compra e venda de votos', '2022', 'Eleições presidenciais brasileiras, 2022', 'Um bilhão']
SEU PRESIDENTE FOI NOMEADO E NÃO ELEITO, DIZ ELON MUSK A BRASILEIROS|PROJETO COMPROVA|HTTPS://PROJETOCOMPROVA.COM.BR/PUBLICA%C3%A7%C3%B5ES/VIDEO-MENTE-AO-AFIRMAR-QUE-MUSK-TERIA-DITO-QUE-LULA-FOI-NOMEADO-E-NAO-ELEITO/|FALSO|2024-08-22 07:00:00||['Elon Musk', 'Eleição', 'Presidente', 'Brasil']
A GENTE ESTÁ FALANDO DE UMA ELEIÇÃO EM QUE A GENTE TEM CANDIDATOS COM HISTÓRICOS MUITO PESADOS. GENTE [PABLO MARÇAL] QUE JÁ FOI CONDENADO POR ROUBAR APOSENTADORIA DE IDOSO, GENTE QUE RESPONDE POR CRIME DE HOMICÍDIO.|AOS FATOS|HTTPS://WWW.AOSFATOS.ORG/NOTICIAS/RODA-VIVA-TABATA-AMARAL/|FALSO|2024-08-20 07:00:00|HTTPS://ENCRYPTED-TBN2.GSTATIC.COM/IMAGES?Q=TBN:AND9GCRAIDFU2RCKNT87TKMQY8WL64RO1LMU3ETDO8TF4KPXKHXM_M88|['Candidato', 'Eleição', 'Pablo Marçal', 'Crime', 'História', 'Sentença', 'Aposentadoria', 'Idoso', 'Homicídio']
VENEZUELA “ELEIÇÕES 2024. NICOLAS MADURO É COLOMBIANO E NÃO VENEZUELANO!”|BOATOS.ORG|HTTPS://WWW.BOATOS.ORG/MUNDO/NICOLAS-MADURO-E-COLOMBIANO-E-NAO-PODERIA-SER-PRESIDENTE-DA-VENEZUELA.HTML|FALSO|2024-08-16 07:00:00|HTTPS://ENCRYPTED-TBN3.GSTATIC.COM/IMAGES?Q=TBN:AND9GCQEZPAIGOPOADVVAH7FNWM90WR3YTAY0GCKRQPQWVWVGAS5HRQR|['Nicolás Maduro', 'Venezuela', 'Colombianos', 'Eleição presidencial na Venezuela em 2024', 'Eleição', '2024']
LULA CONFESSA QUE GASTOU 60 BILHÕES COMPRANDO VOTOS NAS ELEIÇÕES DE 2022|AFP CHECAMOS|HTTPS://CHECAMOS.AFP.COM/DOC.AFP.COM.36E742V|FALSO|2024-08-12 07:00:00|HTTPS://ENCRYPTED-TBN3.GSTATIC.COM/IMAGES?Q=TBN:AND9GCTXQGGEQWCSLHDNX-I8NN4NYVE_6AW9KQTQJFYJCWXB1U6P4_W5|['Luiz Inácio Lula da Silva', 'Eleição', 'Votação', 'Eleições presidenciais brasileiras, 2022', '2022']
MORTOS VOTARAM NA ELEIÇÃO DE 2022 E SITE REVELA VOTOS|PROJETO COMPROVA|HTTPS://PROJETOCOMPROVA.COM.BR/PUBLICA%C3%A7%C3%B5ES/VIDEO-MOSTRA-SITE-FALSO-PARA-ALEGAR-QUE-MORTOS-TERIAM-VOTADO-NAS-ELEICOES-DE-2022/|FALSO|2024-08-06 07:00:00||['Votação', 'Eleição', 'Eleições presidenciais brasileiras, 2022', '2022', 'Morte']
PROTESTO DE INDÍGENAS VENEZUELANOS CONTRA NICOLÁS MADURO APÓS ELEIÇÃO DE 2024|AFP CHECAMOS|HTTPS://CHECAMOS.AFP.COM/DOC.AFP.COM.36AN3LW|FALSO|2024-08-05 07:00:00|HTTPS://ENCRYPTED-TBN2.GSTATIC.COM/IMAGES?Q=TBN:AND9GCTPEYKJCKYIH3EYA1B3QWFYBPYARLC-9L19UOAMSOUND6MZP1CO|['Nicolás Maduro', 'Venezuela', 'Indígenas', 'Protesto', 'Eleição', '2024']
LULA DISSE QUE COMPROU VOTOS PARA VENCER AS ELEIÇÕES DE 2022|ESTADÃO|HTTPS://WWW.ESTADAO.COM.BR/ESTADAO-VERIFICA/LULA-CONTA-COMO-COMPROU-TODOS-ELEICAO-2022/|FALSO|2024-08-05 07:00:00|HTTPS://ENCRYPTED-TBN0.GSTATIC.COM/IMAGES?Q=TBN:AND9GCTFRR-PMMEKFLHG4E77NG6OFRMUVX8IWF1AMCMJSN_AFDOZYJBL|['Luiz Inácio Lula da Silva', 'Eleição', 'Votação', '2022', 'Eleições presidenciais brasileiras, 2022']
LULA CONFESSOU QUE GASTOU US$ 60 BILHÕES PARA COMPRAR VOTOS E VENCER AS ELEIÇÕES|AOS FATOS|HTTPS://WWW.AOSFATOS.ORG/NOTICIAS/FALSO-LULA-CONFESSOU-60-BILHOES-COMPRA-DE-VOTOS/|FALSO|2024-08-05 07:00:00|HTTPS://ENCRYPTED-TBN0.GSTATIC.COM/IMAGES?Q=TBN:AND9GCTA-5EWKOPYEHYW-SR6PCU0EREF4ZY8-BQA6VTAUAD-OZZRAXIF|['Luiz Inácio Lula da Silva', 'Eleição', 'Votação', 'Estados Unidos']
TECNÓLOGO DESAFIA O SISTEMA E REVELA COM DETALHES COMO AS URNAS FORAM FRAUDADAS. ELE EXPÕE COM DETALHES O CAMINHO DOS VOTOS ROUBADOS DE BOLSONARO|ESTADÃO|HTTPS://WWW.ESTADAO.COM.BR/ESTADAO-VERIFICA/NULOS-BRANCOS-TRANSFERIDOS-LULA-2022-FALSO/|FALSO|2024-08-27 07:00:00|HTTPS://ENCRYPTED-TBN2.GSTATIC.COM/IMAGES?Q=TBN:AND9GCQUK6ZM4GC6AAIIHDNMF14CSPW8AO-ICXAWC4QAEKZWHOJ97EKS|['Votação', 'Urna eleitoral', 'Jair Bolsonaro', 'Curso superior de tecnologia', 'Roubo', 'Sistema']
GRAVAÇÃO MOSTRA TORTURA DE PESSOAS PRESAS EM PROTESTOS CONTRA A DECLAÇÃO DA VITÓRIA DE NICOLÁS MADURO PELO CNE (CONSELHO NACIONAL ELEITORAL)|AOS FATOS|HTTPS://WWW.AOSFATOS.ORG/NOTICIAS/TORTURA-VENEZUELA-FILME-NETFLIX/|FALSO|2024-08-02 07:00:00|HTTPS://ENCRYPTED-TBN0.GSTATIC.COM/IMAGES?Q=TBN:AND9GCSYTVFZR5ZBSBOUG9AOEUDBTILESLBS7IEZSYL-USMAEW64S9Z_|['Tortura', 'Nicolás Maduro', 'Conselho Nacional Eleitoral', 'Eleição', 'Gravação', 'Protesto']
VÍDEO DE MULTIDÃO NA VENEZUELA APÓS MADURO SER DECLARADO ELEITO|ESTADÃO|HTTPS://WWW.ESTADAO.COM.BR/ESTADAO-VERIFICA/VIDEO-MANIFESTACAO-VENEZUELA-ELEICAO-2017/|FALSO|2024-07-31 07:00:00|HTTPS://ENCRYPTED-TBN1.GSTATIC.COM/IMAGES?Q=TBN:AND9GCQS3OIKANXGWGYLFTI_B3XX6P9DM5DPSQIVZDTE9RREN-4ZD9XS|['Venezuela', 'Nicolás Maduro', 'Eleição', 'Vídeo']
LULA GASTOU 300 BILHÕES PARA SE ELEGER|PROJETO COMPROVA|HTTPS://PROJETOCOMPROVA.COM.BR/PUBLICA%C3%A7%C3%B5ES/E-ENGANOSO-VIDEO-QUE-SUGERE-QUE-LULA-ADMITIU-GASTAR-R-300-BILHOES-PARA-SE-ELEGER/|FALSO|2024-08-08 07:00:00|HTTPS://ENCRYPTED-TBN1.GSTATIC.COM/IMAGES?Q=TBN:AND9GCR5ZNRJSHYEXCMVBVASEMKYCLO72UCIJS-1ZUTNIXEMXCRSR_EH|['Luiz Inácio Lula da Silva']
LULA ADMITIU GASTAR R$300 BILHÕES PARA SE ELEGER EM 2022|UOL NOTÍCIAS|HTTPS://NOTICIAS.UOL.COM.BR/COMPROVA/ULTIMAS-NOTICIAS/2024/08/08/LULA-NAO-ADMITIU-GASTAR-R-300-BILHOES-PARA-SE-ELEGER.HTM|FALSO|2024-08-08 07:00:00|HTTPS://ENCRYPTED-TBN3.GSTATIC.COM/IMAGES?Q=TBN:AND9GCQSRIBRJZ9WZNCVC8UYNORAL1HEC9O825MOQCBCLQHSS0BPTVXN|['Luiz Inácio Lula da Silva', '2022']
PALESTINO DIZ QUE O CALIFADO IRÁ CONQUISTAR PARIS APÓS ELEIÇÕES NA FRANÇA|AOS FATOS|HTTPS://WWW.AOSFATOS.ORG/NOTICIAS/DISCURSO-CALIFADO-CONQUISTAR-PARIS-2020-NAO-RECENTE/|FALSO|2024-07-11 07:00:00|HTTPS://ENCRYPTED-TBN3.GSTATIC.COM/IMAGES?Q=TBN:AND9GCTGAXAPT2KUCVPVZUL2EVAEKBEKOPYQO36CVRVIPKNPL2LHUQ-U|['Califado', 'Eleição', 'França', 'Eleições na França', 'Paris', 'Irã', 'Palestinos']
VÍDEO MOSTRA HOMENS DE MADURO ROUBANDO URNAS|ESTADÃO|HTTPS://WWW.ESTADAO.COM.BR/ESTADAO-VERIFICA/HOMENS-ENCAPUZADOS-ROUBAM-URNAS-ENGANOSO/|FALSO|2024-07-31 07:00:00|HTTPS://ENCRYPTED-TBN0.GSTATIC.COM/IMAGES?Q=TBN:AND9GCTPJJ0BCKBWLFBXMQRBDNVYYTMMYTXLGKYELNS0BFGNZY2GKAHL|['Urna eleitoral', 'Nicolás Maduro', 'Vídeo', 'Homem']
LULA DISSE SER CONTRA CUIDAR DE POBRES PORQUE JÁ TEM SEUS VOTOS NA ELEIÇÃO|AFP CHECAMOS|HTTPS://CHECAMOS.AFP.COM/DOC.AFP.COM.34ZM3C2|FALSO|2024-06-28 07:00:00|HTTPS://ENCRYPTED-TBN3.GSTATIC.COM/IMAGES?Q=TBN:AND9GCTZRCC2ITSNEO5WA6QBDG3IUXSEWIN3ZVOZSWQUA0DQUPJLMXNY|['Luiz Inácio Lula da Silva', 'Pobreza', 'Eleição', 'Votação']
LULA DIZ QUE POBRES SÓ SÃO ÚTEIS DURANTE AS ELEIÇÕES E QUE NÃO É PRECISO CUIDAR DELES|AOS FATOS|HTTPS://WWW.AOSFATOS.ORG/NOTICIAS/FALSO-LULA-DISSE-POBRE-UTIL-ELEICOES/|FALSO|2024-06-24 07:00:00|HTTPS://ENCRYPTED-TBN0.GSTATIC.COM/IMAGES?Q=TBN:AND9GCS5AKQLMOWXGPHA8KVDMYYU4HQGMRAGL_PYEVFGFZFZY3XNASXC|['Luiz Inácio Lula da Silva', 'Eleição', 'Pobreza']
TUDO QUE VOCÊ PRECISA SABER SOBRE AS ELEIÇÕES MUNICIPAIS DE 2024|UOL NOTÍCIAS|HTTPS://NOTICIAS.UOL.COM.BR/COMPROVA/ULTIMAS-NOTICIAS/2024/06/18/O-QUE-VOCE-PRECISA-SABER-SOBRE-AS-ELEICOES-MUNICIPAIS-DE-2024.HTM|VERDADEIRO|2024-06-18 07:00:00|HTTPS://ENCRYPTED-TBN2.GSTATIC.COM/IMAGES?Q=TBN:AND9GCROAT4_RTGURHYX1JUGVJDMGBS_LNLYEPNET7QV56L0N5V1UDL9|['Eleição', 'Eleições municipais no Brasil', 'Eleições municipais no Brasil em 2024', '2024']
VÍDEO MOSTRA LOBISTAS DE SOROS SOFRENDO COM A DERROTA EM ELEIÇÃO NA UNIÃO EUROPEIA|AOSFATOS.ORG|HTTPS://WWW.AOSFATOS.ORG/NOTICIAS/FALSO-VIDEO-LOBISTAS-SOROS-ELEICOES-PARLAMENTO-EUROPEU/|FALSO|2024-06-11 07:00:00|HTTPS://ENCRYPTED-TBN1.GSTATIC.COM/IMAGES?Q=TBN:AND9GCTKD0U35DK2EYSC8XAQ22KXZLVI1UKPSUBXZT2YGXJLGCYYIXJ9|['George Soros', 'Eleição', 'Lobby', 'União Europeia', 'Vídeo', 'Europa']
JOE BIDEN DIZ QUE NÃO PODE VENCER ESTA ELEIÇÃO, SÓ DONALD TRUMP PODE VENCER|AFP CHECAMOS|HTTPS://CHECAMOS.AFP.COM/DOC.AFP.COM.34V44KD|FALSO|2024-06-04 07:00:00|HTTPS://ENCRYPTED-TBN3.GSTATIC.COM/IMAGES?Q=TBN:AND9GCT7WFK_VLSZJTSP3VPZFQX_E8AQAK1Q88TLTMRNDEI0TMJJ1WVK|['Joe Biden', 'Donald Trump', 'Eleição']
"""O TRIBUNAL ELEITORAL REJEITOU O PROCESSO DE INEGILIBIDADE DO BOLSONARO! BOLSONARO DE VOLTA EM 2026!"""|UOL NOTÍCIAS|HTTPS://NOTICIAS.UOL.COM.BR/CONFERE/ULTIMAS-NOTICIAS/2024/05/27/E-FALSO-QUE-TSE-TENHA-TORNADO-JAIR-BOLSONARO-ELEGIVEL-PARA-2026.HTM|FALSO|2024-05-27 07:00:00|HTTPS://ENCRYPTED-TBN1.GSTATIC.COM/IMAGES?Q=TBN:AND9GCQFCFSXVND_ZJMGMRIFXLVP2Z2MUCBTXMRZAEBZV1YQLOKLPXSE|['Jair Bolsonaro', 'Tribunal Superior Eleitoral', 'Eleição', 'Tribunal', 'Processo judicial']
LUÍS ROBERTO BARROSO DISSE QUE “ELEIÇÃO NÃO SE VENCE, SE TOMA”.|ESTADÃO|HTTPS://WWW.ESTADAO.COM.BR/ESTADAO-VERIFICA/BARROSO-ELEICAO-NAO-SE-GANHA-SE-TOMA-ENGANOSO/|FALSO|2024-05-02 07:00:00|HTTPS://ENCRYPTED-TBN3.GSTATIC.COM/IMAGES?Q=TBN:AND9GCQF3XIACESOZX0H5DVFH-NRZPAAOA335SQNIDK0WNJJM8K83GIW|['Luís Roberto Barroso', 'Eleição']
BOLSONARO DIZ, EM 2024, TER PROVAS QUE FOI ELEITO NO 1º TURNO|AOS FATOS|HTTPS://WWW.AOSFATOS.ORG/NOTICIAS/FALSO-VIDEO-BOLSONARO-FRAUDE-ELEITORAL/|FALSO|2024-04-29 07:00:00|HTTPS://ENCRYPTED-TBN3.GSTATIC.COM/IMAGES?Q=TBN:AND9GCTJKUMTTJ814TO6WR0MTS2-WOWYGZ3JGL0JYKXCOO97NHGMHEUK|['Jair Bolsonaro', 'Eleição', '2024']
ELON MUSK ENTREGA DOCUMENTOS À AUTORIDADES DOS EUA EVIDENCIANDO INTERFERÊNCIA DE ALEXANDRE DE MORES NAS ELEIÇÕES DE 2022.|BOATOS.ORG|HTTPS://WWW.BOATOS.ORG/POLITICA/ELON-MUSK-ENTREGOU-DOCUMENTOS-A-AUTORIDADES-DOS-EUA-QUE-INCRIMINAM-ALEXANDRE-DE-MORAES.HTML|FALSO|2024-04-11 07:00:00|HTTPS://ENCRYPTED-TBN3.GSTATIC.COM/IMAGES?Q=TBN:AND9GCQEZPAIGOPOADVVAH7FNWM90WR3YTAY0GCKRQPQWVWVGAS5HRQR|['Elon Musk', 'Documento', 'Estados Unidos', 'Eleição', 'Eleições presidenciais brasileiras, 2022', '2022']
TRUMP DIZ QUE HAVERÁ UM BANHO DE SANGUE SE NÃO FOR ELEITO|AOS FATOS|HTTPS://WWW.AOSFATOS.ORG/NOTICIAS/VIDEO-TRUMP-BANHO-DE-SANGUE-ELEITO-EDITADO/|FALSO|2024-03-18 07:00:00|HTTPS://ENCRYPTED-TBN0.GSTATIC.COM/IMAGES?Q=TBN:AND9GCRBLLDCRJETY5USCDC7ZCQTAGMFIFTG4UWNTH0HWUG_J2C4TC3P|['Donald Trump', 'Eleição', 'Banho']
VIRAM O QUE ACONTECEU HOJE COM AQUELE CANDIDATO DE PORTUGAL ALIADO DE BOLSONARO QUE DISSE QUE SE CASO GANHASSE LULA NÃO ENTRARIA EM PORTUGAL? POIS É, ELE GANHOU|UOL NOTÍCIAS|HTTPS://NOTICIAS.UOL.COM.BR/CONFERE/ULTIMAS-NOTICIAS/2024/03/13/EXTREMA-DIREITA-NAO-VENCEU-AS-ELEICOES-EM-PORTUGAL-FICOU-EM-3.HTM|FALSO|2024-03-13 07:00:00|HTTPS://ENCRYPTED-TBN2.GSTATIC.COM/IMAGES?Q=TBN:AND9GCSZKEBZ-YSQNP6R0XHGIYLVGPFVSSLIAOHFQWOY6VPOBJJZDSKY|['Portugal', 'Luiz Inácio Lula da Silva', 'Candidato', 'Jair Bolsonaro']
"O PCP DEFENDE SAÍDA DE PORTUGAL DO EURO E DA UNIÃO EUROPEIA? ""O SENHOR DEPUTADO ANDRÉ VENTURA VAI TER DE LER MELHOR O NOSSO PROGRAMA ELEITORAL PARA TIRAR AS CONCLUSÕES."""|OBSERVADOR|HTTPS://OBSERVADOR.PT/FACTCHECKS/FACT-CHECK-PCP-DEFENDE-SAIDA-DO-EURO-E-DA-UNIAO-EUROPEIA/|FALSO|2024-02-10 08:00:00|HTTPS://ENCRYPTED-TBN2.GSTATIC.COM/IMAGES?Q=TBN:AND9GCTOZTY-5T_NG-YF6CIRT1_CO7GO38GYWV1P_TEMUJDN6GWVNKQX|['Partido Comunista Português', 'União Europeia', 'André Ventura', 'Europa', 'Portugal', 'Eleição', 'Deputado']
🚨🚨LULA ACABA DE ASSINAR UM DECRETO PROIBINDO ⛔ O USO DE 🪑 CADEIRAS EM BARES , POIS AS CADEIRAS ACABA ATRAPALHANDO O TRABALHO DOS SEUS ELEITORES !! 😂😂😂|BOATOS.ORG|HTTPS://WWW.BOATOS.ORG/POLITICA/LULA-ASSINAR-DECRETO-PROIBINDO-CADEIRAS-BARES-APOS-REACAO-ASSALTO.HTML|FALSO|2024-01-22 08:00:00|HTTPS://ENCRYPTED-TBN1.GSTATIC.COM/IMAGES?Q=TBN:AND9GCRSQCOSDKN_NO0QPUXVY95LK9SDTDQHRIFMATCO04RJX-U83KPY|['Luiz Inácio Lula da Silva', 'Bar', 'Decreto', 'Cadeira', 'Eleição']
JAIR BOLSONARO NVAI MANDAR NO BRASIL CASO O PL VENÇA AS ELEIÇÕES PARA A CÂMARA DOS DEPUTADOS; ELE NÃO ESTÁ INELEGÍVEL|ESTADÃO|HTTPS://WWW.ESTADAO.COM.BR/ESTADAO-VERIFICA/ELEICAO-PARA-PRESIDENCIA-DA-CAMARA-NAO-ALTERA-INELEGIBILIDADE-DE-BOLSONARO/|FALSO|2023-12-18 08:00:00|HTTPS://ENCRYPTED-TBN2.GSTATIC.COM/IMAGES?Q=TBN:AND9GCTZJBP2FVMOHE5V1ASKO0SHT0FMD4SCNAZQN6XI4-CZT4J7K57-|['Jair Bolsonaro', 'Eleição', 'Partido Liberal', 'Câmara dos Deputados, Brasil', 'Brasil']
EM UM VÍDEO QUE CIRCULA NAS REDES SOCIAIS, UM HOMEM COMENTA UMA NOTÍCIA SOBRE O FATO DE O PARTIDO LIBERAL (PL) TER MANIFESTADO A INTENÇÃO DE CONCORRER À PRESIDÊNCIA DA CÂMARA DOS DEPUTADOS E CONCLUI QUE JAIR BOLSONARO NÃO ESTÁ INELEGÍVEL E QUE VAI MANDAR NO BRASIL CASO O PARTIDO DELE VENÇA A ELEIÇÃO INTERNA DA CASA. UMA LEGENDA ACRESCENTADA SOBRE AS IMAGENS AFIRMA QUE “BOLSONARO PODE ASSUMIR A PRESIDÊNCIA”.|FOLHA - UOL|HTTPS://WWW1.FOLHA.UOL.COM.BR/PODER/2023/12/MESMO-SE-PL-CHEGAR-A-PRESIDENCIA-DA-CAMARA-BOLSONARO-NAO-MANDARA-NO-BRASIL-AO-CONTRARIO-DE-POST.SHTML|FALSO|2023-12-18 08:00:00|HTTPS://ENCRYPTED-TBN3.GSTATIC.COM/IMAGES?Q=TBN:AND9GCT3ECUITDFQYJ2NTFQ-ETZJM2SFGK7C_VYF1NLUYDIBQXHYVTFL|['Jair Bolsonaro', 'Presidente da Câmara dos Deputados do Brasil', 'Presidente do Brasil', 'Partido Liberal', 'Câmara dos Deputados, Brasil', 'Brasil', 'Eleição']
EITAAAAAAAAAAAAA. VAMOS COMPARTILHARRRRRRRRRRR. QUE MARAVILHAAAAAAAAAAAA A UNIÃO EUROPEIA AGORA ENTROU NA BRIGA. GRAÇAS AO TEMPO QUE GANHAMOS. AGORA LASCOU PRA ESQUERDALHA GOLPISTA NOJENTA. COMPARTILHEM O MÁXIMO POSSÍVEL. QUE É TUDO PELA NOSSA NAÇÃO!!!|BOATOS.ORG|HTTPS://WWW.BOATOS.ORG/POLITICA/UNIAO-EUROPEIA-PEDE-EXPLICACOES-SOBRE-URNAS-ELETRONICAS-RESULTADO-DAS-ELEICOES-BRASIL.HTML|FALSO|2024-01-03 08:00:00|HTTPS://ENCRYPTED-TBN1.GSTATIC.COM/IMAGES?Q=TBN:AND9GCRSQCOSDKN_NO0QPUXVY95LK9SDTDQHRIFMATCO04RJX-U83KPY|[]
VOTOS DE ELEITORES MORTOS DE CAMAÇARI FORAM COMPUTADOR PARA LULA NO 2º TURNO DAS ELEIÇÕES DE 2022|ESTADÃO|HTTPS://WWW.ESTADAO.COM.BR/ESTADAO-VERIFICA/E-FALSO-QUE-ELEITORES-MORTOS-VOTARAM-EM-LULA-NAS-ELEICOES-DE-2022/|FALSO|2023-11-30 08:00:00|HTTPS://ENCRYPTED-TBN1.GSTATIC.COM/IMAGES?Q=TBN:AND9GCQADJCXNOPXK4F9JUUW9GNZ3CDN7EXMK22L-U91K18R3HDS421P|['Eleição', 'Votação', 'Luiz Inácio Lula da Silva', 'Eleições presidenciais brasileiras, 2022', '2022', 'Morte', 'Computador', 'Camaçari']
ALEXANDRE DE MORAES ASSUME QUE TEVE FRAUDE NAS ELEIÇÕES PRESIDENCIAIS DE 2022|UOL NOTÍCIAS|HTTPS://NOTICIAS.UOL.COM.BR/COMPROVA/ULTIMAS-NOTICIAS/2023/11/23/VIDEO-ENGANA-AO-SUGERIR-QUE-MORAES-ADMITIU-FRAUDE-NAS-ELEICOES.HTM|FALSO|2023-11-23 08:00:00|HTTPS://ENCRYPTED-TBN0.GSTATIC.COM/IMAGES?Q=TBN:AND9GCSQ17VL6JBIECJZLKQSRXPLEJU9JOJ4VAFSI2GFSLF911WMH6FR|['Alexandre de Moraes', 'Fraude', 'Eleição', 'Presidente', 'Eleições presidenciais brasileiras, 2022', 'Eleições presidenciais', '2022']
LULA DISSE QUE SÓ GANHOU AS ELEIÇÕES PORQUE OS NORDESTINOS SÃO ANALFABETOS|AOS FATOS|HTTPS://WWW.AOSFATOS.ORG/NOTICIAS/LULA-ELEICOES-NORDESTINOS-ANALFABETOS/|FALSO|2023-11-21 08:00:00|HTTPS://ENCRYPTED-TBN3.GSTATIC.COM/IMAGES?Q=TBN:AND9GCRJYXJUBXXDO7AJP7AN7XWFV5HW60LY4HHLFI9Y5JECLIYNOXP5|['Luiz Inácio Lula da Silva', 'Eleição']
CLEONICE EVANGELISTA DA SILVA E RAIMUNDO GARCEZ SILVA, JÁ MORTOS, VOTARAM NAS ÚLTIMAS ELEIÇÕES|UOL NOTÍCIAS|HTTPS://NOTICIAS.UOL.COM.BR/CONFERE/ULTIMAS-NOTICIAS/2023/11/13/E-FALSO-QUE-DUAS-PESSOAS-MORTAS-EM-2011-E-2016-VOTARAM-NO-LULA-EM-2022.HTM|FALSO|2023-11-13 08:00:00|HTTPS://ENCRYPTED-TBN1.GSTATIC.COM/IMAGES?Q=TBN:AND9GCRPIPYPM0PGXUVRVXU6VSPVKJ9DYIRPXJUH7L7MU0LKKWCUHWHO|['Eleição', 'Morte']
NA DINAMARCA, PESSOAS RECEBEM AJUDA SOCIAL SÃO IMPEDIDAS DE VOTAR|ESTADÃO|HTTPS://WWW.ESTADAO.COM.BR/ESTADAO-VERIFICA/QUEM-RECEBE-ASSISTENCIA-SOCIAL-NA-DINAMARCA-PODE-SIM-VOTAR-NAS-ELEICOES/|FALSO|2023-12-05 08:00:00|HTTPS://ENCRYPTED-TBN0.GSTATIC.COM/IMAGES?Q=TBN:AND9GCS1KXI-AUUGQ5YBKJXL6O7UHR1HR4_QUAVB_ST-AG_WCH3PXIYE|['Votação', 'Dinamarca']
PREFEITURA BELO HORIZONTE ANULA ELEIÇÃO PARA CONSELHO TUTELAR POR IRREGULARIDADES EM URNAS ELETRÔNICAS DO TSE|UOL NOTÍCIAS|HTTPS://NOTICIAS.UOL.COM.BR/CONFERE/ULTIMAS-NOTICIAS/2023/10/17/ELEICAO-PARA-CONSELHO-TUTELAR-EM-BH-NAO-UTILIZOU-URNAS-DA-JUSTICA-ELEITORAL.HTM|FALSO|2023-10-17 07:00:00|HTTPS://ENCRYPTED-TBN1.GSTATIC.COM/IMAGES?Q=TBN:AND9GCRH65SDTFVP7VZGXQPCC-GTSEXEDABFXCC_FR7IK0Z0J0VZSJIS|['Eleição', 'Urna eleitoral', 'Conselho Tutelar', 'Belo Horizonte', 'Tribunal Superior Eleitoral', 'Urna eletrônica', 'Prefeitura de Belo Horizonte']
PL VAI PEDIR ANULAÇÃO DAS ELEIÇÕES DE 2022|AFP CHECAMOS|HTTPS://CHECAMOS.AFP.COM/DOC.AFP.COM.33YA27K|FALSO|2023-10-17 07:00:00|HTTPS://ENCRYPTED-TBN1.GSTATIC.COM/IMAGES?Q=TBN:AND9GCTVQSENJBUXPUCFVDBQFFASVJSFSPJ7BR6F2LFXWEC_NTRIGTCE|['Eleição', 'Partido Liberal', '2022', 'Eleições presidenciais brasileiras, 2022']
PUBLICAÇÃO COM A LEGENDA “PT FAZENDO TRAMBIQUE NAS ELEIÇÕES DO CONSELHO TUTELAR”. NO VÍDEO, UM HOMEM CRITICA O CANCELAMENTO DAS ELEIÇÕES PARA O CONSELHO TUTELAR DE DIADEMA E MENCIONA O PT, PARTIDO DO PREFEITO DA CIDADE, E AFIRMA QUE OCORRERAM IRREGULARIDADES EM OUTROS MUNICÍPIOS DA REGIÃO.|FOLHA - UOL|HTTPS://WWW1.FOLHA.UOL.COM.BR/COTIDIANO/2023/10/ELEICAO-PARA-CONSELHEIROS-TUTELARES-EM-DIADEMA-FOI-INTERROMPIDA-POR-PROBLEMAS-NAS-URNAS.SHTML|FALSO|2023-10-06 07:00:00|HTTPS://ENCRYPTED-TBN3.GSTATIC.COM/IMAGES?Q=TBN:AND9GCT95HC2PUBHPVWWVC_RCPCSAZ6F6RCSQ_GEE4B3M1Q6IHRE7IJD|['Eleição', 'Diadema', 'Prefeito', 'Partido dos Trabalhadores', 'Partido político', 'Português', 'Partido dos Trabalhadores']
CÓDIGO-FONTE DAS URNAS SERÁ ABERTO POR CONTA DE ELEIÇÃO DO CONSELHO TUTELAR|PROJETO COMPROVA|HTTPS://PROJETOCOMPROVA.COM.BR/PUBLICA%C3%A7%C3%B5ES/ABERTURA-DO-CODIGO-FONTE-DAS-URNAS-E-PADRAO-E-NAO-TEM-RELACAO-COM-ESCOLHA-DE-CONSELHOS-TUTELARES/|FALSO|2023-10-06 07:00:00||['Urna eleitoral', 'Eleição', 'Código-fonte']
GOVERNO QUER ANULAR PARTE DA ELEIÇÃO PARA CONSELHOS TUTELARES POIS A DIREITA VENCEU|PROJETO COMPROVA|HTTPS://PROJETOCOMPROVA.COM.BR/PUBLICA%C3%A7%C3%B5ES/MINISTRO-NAO-PEDIU-ANULACAO-DE-ELEICOES-PARA-CONSELHOS-TUTELARES-PORQUE-A-DIREITA-VENCEU/|FALSO|2023-10-04 07:00:00||['Conselho Tutelar', 'Eleição', 'Direita', 'Governo']
VÍDEOS E PUBLICAÇÕES DE DEPUTADOS FEDERAIS AFIRMAM QUE O GOVERNO DE LUIZ INÁCIO LULA DA SILVA (PT) TERIA DECRETADO A INSTALAÇÃO DE BANHEIROS UNISSEX EM ESCOLAS E INSTITUIÇÕES DE ENSINO DE TODO O BRASIL, INCLUINDO PARA MENORES DE IDADE. NAS POSTAGENS, UTILIZA-SE TAMBÉM UMA FRASE DITA PELO PRESIDENTE DURANTE A CAMPANHA ELEITORAL DE 2022, DE QUE A IDEIA DE BANHEIRO UNISSEX TERIA “SAÍDO DA CABEÇA DE SATANÁS”. UM DOS AUTORES DOS POSTS AINDA COLOCA QUE “LULA QUER QUE SUA FILHINHA ENTRE NO MESMO BANHEIRO COM UM MARMANJO DE 40 ANOS”.|FOLHA - UOL|HTTPS://WWW1.FOLHA.UOL.COM.BR/PODER/2023/09/LULA-NAO-INSTITUIU-BANHEIRO-UNISSEX-NAS-ESCOLAS.SHTML|VERDADEIRO|2023-09-29 07:00:00|HTTPS://ENCRYPTED-TBN2.GSTATIC.COM/IMAGES?Q=TBN:AND9GCREFKESDW3JRWQJOAGSECHVJAX1L1JKTZTUCL_4OA89WAOJK5ZI|['Banheiro neutro', 'Luiz Inácio Lula da Silva', 'Unissex', 'Eleição', 'Brasil', 'Deputado Federal do Brasil', 'Deputado']
GRAMPO COM ALEXANDRE DE MORAES MOSTRA COMO LULA VENCEU AS ELEIÇÕES|ESTADÃO|HTTPS://WWW.ESTADAO.COM.BR/ESTADAO-VERIFICA/LULA-DESEMBARGADOR-LIBERDADE-ELEICAO/|FALSO|2023-07-19 07:00:00|HTTPS://ENCRYPTED-TBN1.GSTATIC.COM/IMAGES?Q=TBN:AND9GCQ5PQI81RBCV-NVOSQ0IAYCKPPCV_BZZWNYHFEH4Z7SKFSZY_XU|['Alexandre de Moraes', 'Luiz Inácio Lula da Silva', 'Eleição']
POST COM IMAGENS DE TUÍTES ANTIGOS EM QUE O MINISTRO FLÁVIO DINO (PSB) QUESTIONA A SEGURANÇA DAS URNAS ELETRÔNICAS. A PUBLICAÇÃO COBRA PUNIÇÃO DO CHEFE DA JUSTIÇA E SEGURANÇA PÚBLICA: “VAI TER QUE EXPLICAR NA JUSTIÇA, OU SÓ VALE CONTRA O BOLSONARO?”. NA LEGENDA, O AUTOR DO POST, O DEPUTADO FEDERAL CORONEL MEIRA (PL-PE), CITA QUE ALGUMAS DAS PUBLICAÇÕES FORAM FEITAS EM PERÍODO ELEITORAL.|FOLHA - UOL|HTTPS://WWW1.FOLHA.UOL.COM.BR/PODER/2023/07/TUITES-EM-QUE-FLAVIO-DINO-CRITICA-O-SISTEMA-ELEITORAL-SAO-REAIS-MAS-ANTIGOS.SHTML|VERDADEIRO|2023-07-14 07:00:00|HTTPS://ENCRYPTED-TBN0.GSTATIC.COM/IMAGES?Q=TBN:AND9GCSFYI1TLHPSAJ7S1ETJKVG8LNOONFC4HMRATESQHPWBN-SCBD2U|['Flávio Dino', 'Eleição', 'Ministro', 'Jair Bolsonaro', 'Deputado Federal do Brasil', 'Deputado', 'Coronel Meira', 'Partido Socialista Brasileiro', 'Partido Liberal']
GILMAR MENDES DIZ QUE O SISTEMA ELETRÔNICO DE VOTAÇÃO TEM FALHAS E QUE MESÁRIOS PODEM VOTAR PELOS ELEITORES|AOS FATOS|HTTPS://WWW.AOSFATOS.ORG/NOTICIAS/VIDEO-GILMAR-MENDES-MESARIO-PIANISTA/|FALSO|2023-07-14 07:00:00|HTTPS://ENCRYPTED-TBN2.GSTATIC.COM/IMAGES?Q=TBN:AND9GCS7DZFNP9HCQBAENPUU2NKAHE9GLBL5D7EFEPS8OMHC76X39DHN|['Gilmar Mendes', 'Mesário', 'Eleição', 'Votação', 'Eletrônica', 'Sistema']
ETCHEGOYEN DISSE QUE O RESULTADO DAS ELEIÇÕES DE 2022 FOI MANIPULADO|AOS FATOS|HTTPS://WWW.AOSFATOS.ORG/NOTICIAS/FALSO-ETCHEGOYEN-RESULTADO-MANIPULADO-ELEICOES-2022/|FALSO|2023-07-05 07:00:00|HTTPS://ENCRYPTED-TBN0.GSTATIC.COM/IMAGES?Q=TBN:AND9GCTO41STG8NF5WB_ECAMAMEOBTEITZYVIAQP2FMS0YTAUTXUEVT4|['Sérgio Etchegoyen', 'Eleição', '2022', 'Eleições presidenciais brasileiras, 2022', 'Resultado']
"""EUA PROVAM A VITÓRIA DE BOLSONARO E A FRAUDE DOS ESQUERDOPATAS — O SATANÓIDE [LULA DA SILVA] NÃO É PRESIDENTE DO BRASIL."""|OBSERVADOR|HTTPS://OBSERVADOR.PT/FACTCHECKS/FACT-CHECK-EUA-PROVARAM-QUE-BOLSONARO-VENCEU-AS-ULTIMAS-ELEICOES-PRESIDENCIAIS-DO-BRASIL/|FALSO|2023-07-26 07:00:00|HTTPS://ENCRYPTED-TBN3.GSTATIC.COM/IMAGES?Q=TBN:AND9GCQOV_MHEO-5LPG4QYWWSYMKCQVBELWVUBH6SGQDSOE1UNX2YU8W|['Jair Bolsonaro', 'Presidente', 'Estados Unidos', 'Brasil', 'Luiz Inácio Lula da Silva', 'Presidente do Brasil', 'Fraude']
"""O PESSOAL SE SENSIBILIZOU E OS NÚMEROS SÃO IMPRESSIONANTES"", DIZ HOMEM AO MOSTRAR DADOS DE DOAÇÕES DE CAMPANHA ELEITORAL COMO SE FOSSEM PIX PARA BOLSONARO"|UOL NOTÍCIAS|HTTPS://NOTICIAS.UOL.COM.BR/CONFERE/ULTIMAS-NOTICIAS/2023/06/28/SITE-DO-TSE-MOSTRA-DOACOES-DE-CAMPANHA-ELEITORAL-NAO-DE-PIX-DE-BOLSONARO.HTM|FALSO|2023-06-28 07:00:00|HTTPS://ENCRYPTED-TBN2.GSTATIC.COM/IMAGES?Q=TBN:AND9GCTHXRFSS0EQU1YELL7VBPYT8EFOB5RQC8FDURWLWRBJP4YMLTPV|['Jair Bolsonaro', 'PIX', 'Campanha eleitoral', 'Eleição', 'Doação', 'Número', 'Dados', 'Homem']
FINANCIAL TIMES AFIRMA CATEGORICAMENTE QUE JOE BIDEN INTERFERIU NAS ELEIÇÕES BRASILEIRAS PARA AJUDAR LULA|ESTADÃO|HTTPS://WWW.ESTADAO.COM.BR/ESTADAO-VERIFICA/FINANCIAL-TIMES-BIDEN-FAVORECEU-LULA/|FALSO|2023-06-28 07:00:00|HTTPS://ENCRYPTED-TBN3.GSTATIC.COM/IMAGES?Q=TBN:AND9GCT76BTWMBFTB2DUB3LEU_LA92XETRLONP1YCKDGDHHL1KG0ZUML|['Joe Biden', 'Eleição', 'Luiz Inácio Lula da Silva', 'Financial Times', 'Brasil']
JORNAL BRITÂNICO DIZ QUE GOVERNO DOS EUA INTERFERIU NA ELEIÇÃO PARA AJUDAR LULA|PROJETO COMPROVA|HTTPS://PROJETOCOMPROVA.COM.BR/PUBLICA%C3%A7%C3%B5ES/TUITE-DISTORCE-REPORTAGEM-AO-SUGERIR-INTERVENCAO-AMERICANA-NO-RESULTADO-DAS-ELEICOES-BRASILEIRAS/|FALSO|2023-06-27 07:00:00||['Eleição', 'Luiz Inácio Lula da Silva', 'Estados Unidos', 'Jornal']
ALEXANDRE DE MORAES ADMITIU QUE 'HOUVE FRAUDE' NAS ELEIÇÕES DE 2022|ESTADÃO|HTTPS://WWW.ESTADAO.COM.BR/ESTADAO-VERIFICA/ALEXANDRE-DE-MORAES-NAO-ADMITIU-FRAUDE-NAS-ELEICOES-2022-VIDEO-VIRAL-E-SOBRE-COTA-DE-GENERO/|FALSO|2023-06-15 07:00:00|HTTPS://ENCRYPTED-TBN2.GSTATIC.COM/IMAGES?Q=TBN:AND9GCTNOK4I6TETKHLRNNBVOR24ILVEAITICUPJ4ANNCPNMA248FT0B|['Alexandre de Moraes', 'Fraude', 'Eleição', '2022', 'Eleições presidenciais brasileiras, 2022']
É PROIBIDO ATIRAR EM LADRÕES A MENOS QUE ELES ATIREM ANTES; É PROIBIDO PRENDER PESSOAS NAS ELEIÇÕES|ESTADÃO|HTTPS://WWW.ESTADAO.COM.BR/ESTADAO-VERIFICA/LEIS-PRISOES-ELEICOES-LEGITIMA-DEFESA/|FALSO|2023-06-14 07:00:00|HTTPS://ENCRYPTED-TBN2.GSTATIC.COM/IMAGES?Q=TBN:AND9GCRTASN6SQH9LGR61FKQ12XU6WHBBJG1HM7Q0IAW2AKELRDTXH4J|['Eleição', 'Pessoa']
ALEXANDRE DE MORAES CONFESSOU QUE HOUVE FRAUDE NAS ELEIÇÕES|AOS FATOS|HTTPS://WWW.AOSFATOS.ORG/NOTICIAS/FALSO-MORAES-HOUVE-FRAUDE-ELEICOES-2022/|FALSO|2023-06-12 07:00:00|HTTPS://ENCRYPTED-TBN0.GSTATIC.COM/IMAGES?Q=TBN:AND9GCQYBVBB_DTNAS1O4KXRQ55TQJBJJENF1LVWNKFJQRDHOM2LNQ76|['Alexandre de Moraes', 'Fraude', 'Eleição']
EUA PROVARAM QUE HOUVE FRAUDE NAS ELEIÇÕES BRASILEIRAS DE 2022|AOS FATOS|HTTPS://WWW.AOSFATOS.ORG/NOTICIAS/EUA-NAO-PROVARAM-FRAUDE-ELEICOES-2022/|FALSO|2023-05-26 07:00:00|HTTPS://ENCRYPTED-TBN3.GSTATIC.COM/IMAGES?Q=TBN:AND9GCSWG3KYXLCMT1-26CQJFXAP_G_MJSHVJ1YAXN8SYM1DZTVQKL0X|['Eleição', 'Estados Unidos', 'Eleições presidenciais brasileiras, 2022', 'Brasil', '2022', 'Fraude']
ELE ADMITE QUE TEVE FRAUDE|UOL NOTÍCIAS|HTTPS://NOTICIAS.UOL.COM.BR/CONFERE/ULTIMAS-NOTICIAS/2023/06/13/ALEXANDRE-DE-MORAES-NAO-ADMITIU-FRAUDE-NAS-ELEICOES-DE-2022.HTM|FALSO|2023-06-13 07:00:00|HTTPS://ENCRYPTED-TBN0.GSTATIC.COM/IMAGES?Q=TBN:AND9GCSOFAVLXAORWBURX3PJAHMDYVRNGLVF1TUDSNTTCATY2TBLU-T5|['Fraude']
ALEXANDRE DE MORAES ASSUME QUE HOUVE FALHAS NAS ELEIÇÕES|AOS FATOS|HTTPS://WWW.AOSFATOS.ORG/NOTICIAS/ALEXANDRE-MORAES-ELEICAO-FALHA-ANULADA-FALSO/|FALSO|2023-04-28 07:00:00|HTTPS://ENCRYPTED-TBN2.GSTATIC.COM/IMAGES?Q=TBN:AND9GCQ2JV9CIDWJP9HA4WMXGT8D2BT_W_LZUASY3IUUQ5YAH8KIWN1I|['Alexandre de Moraes', 'Eleição']
DOCUMENTOS FALSOS VINDOS DA CHINA E APREENDIDOS EM CHICAGO SERVIRIAM PARA FRAUDE ELEITORAL|AOS FATOS|HTTPS://WWW.AOSFATOS.ORG/NOTICIAS/DOCUMENTOS-FALSOS-APREENDIDOS-NOS-EUA-NAO-TEM-ELEICAO-COMO-ALVO/|FALSO|2020-08-17 07:00:00|HTTPS://ENCRYPTED-TBN0.GSTATIC.COM/IMAGES?Q=TBN:AND9GCSSEH8LFPLQFQLD_ML_DTWZL0Z-FPIODNIE7CNPUKYTWSSY7GUZ|['Fraude eleitoral', 'Eleição', 'Documento', 'Fraude', 'China', 'Chicago']
O PRESIDENTE BOLSONARO DISSE QUE CONFISCARÁ APOSENTADORIAS SE FOR ELEITO|AFP CHECAMOS|HTTPS://CHECAMOS.AFP.COM/DOC.AFP.COM.32L76VD|FALSO|2022-10-11 07:00:00|HTTPS://ENCRYPTED-TBN1.GSTATIC.COM/IMAGES?Q=TBN:AND9GCSYAK6VQAKXL69TMLZZFKRMSJM-LUS0OI-BNCFN0AZY0IZ9TB0F|['Jair Bolsonaro', 'Presidente', 'Aposentadoria', 'Eleição']
VÍDEO MOSTRA RIBEIRINHOS CHEGANDO EM BELÉM DO PARÁ PARA VOTAR EM LULA NO SEGUNDO TURNO DAS ELEIÇÕES 2022|AFP CHECAMOS|HTTPS://CHECAMOS.AFP.COM/DOC.AFP.COM.32ML72N|FALSO|2022-11-01 07:00:00|HTTPS://ENCRYPTED-TBN2.GSTATIC.COM/IMAGES?Q=TBN:AND9GCSDHATL9OXHAUZ9EL7VF5SHNUZIMYA7JBZJEUM7OMET-KMIG_9I|['Luiz Inácio Lula da Silva', 'Eleição', 'Votação', '2022', 'Vídeo', 'Ribeirinhos', 'Belém', 'Pará']
VÍDEO MOSTRA FRAUDE NAS ELEIÇÕES NA FRANÇA EM 2022|AOS FATOS|HTTPS://WWW.AOSFATOS.ORG/NOTICIAS/VIDEO-NAO-PROVA-FRAUDE-ELEICOES-FRANCA/|FALSO|2022-05-18 07:00:00|HTTPS://ENCRYPTED-TBN3.GSTATIC.COM/IMAGES?Q=TBN:AND9GCTFQRNPHPS7S7Q_ZNGYDPR584RGSJ3YHSXITTV5NJ1VG5RDIH1K|['Eleições na França', 'França', 'Eleição', 'Fraude', 'Vídeo', '2022']
ELEITORES DE BOLSONARO, SE FLÁVIO BOLSONARO CAIR QUEM ASSUME A VAGA É LINDBERGH FARIAS. ENTENDERAM PORQUE A TRAMOIA SOBRE ELE?|AOS FATOS|HTTPS://WWW.AOSFATOS.ORG/NOTICIAS/E-FALSO-QUE-LINDBERGH-ASSUME-VAGA-NO-SENADO-SE-FLAVIO-BOLSONARO-PERDER-MANDATO/|FALSO|2019-01-24 08:00:00||['Lindbergh Farias', 'Flávio Bolsonaro', 'Jair Bolsonaro', 'Eleição']
ALEXANDRE DE MORAES DECLAROU QUE SE BOLSONARO VENCER AS ELEIÇÕES EM 2022, A CHAPA SERÁ CASSADA|AOS FATOS|HTTPS://WWW.AOSFATOS.ORG/NOTICIAS/E-FALSO-QUE-ALEXANDRE-DE-MORAES-DISSE-QUE-CASSARA-CHAPA-SE-BOLSONARO-FOR-REELEITO/|FALSO|2021-11-25 08:00:00|HTTPS://ENCRYPTED-TBN0.GSTATIC.COM/IMAGES?Q=TBN:AND9GCSD9MODJ1L4KGRJC3EM16RZA62S2DRT-OM9TWCHIOSZTOKMY3P_|['Alexandre de Moraes', 'Jair Bolsonaro', 'Eleição', 'Eleições presidenciais brasileiras, 2022', 'Cassação de direitos políticos', '2022']
O PRESIDENTE DA HOLANDA CONFIRMA QUE TEVE FRAUDE NA ELEIÇÃO PRESIDENCIAL NO BRASIL|PROJETO COMPROVA|HTTPS://PROJETOCOMPROVA.COM.BR/PUBLICA%C3%A7%C3%B5ES/HOLANDA-RECONHECEU-VITORIA-DE-LULA-AO-CONTRARIO-DO-QUE-DIZ-POST/|FALSO|2022-11-21 08:00:00||['Eleição', 'Eleições presidenciais', 'Presidente', 'Países Baixos', 'Brasil', 'Fraude']
A CASA CAIU. O BILIONÁRIO COMUNISTA GEORGE SOROS FOI PRESO NOS ESTADOS UNIDOS POR ENVOLVIMENTO EM SOFTWARES E FRAUDES NAS ELEIÇÕES|BOATOS.ORG|HTTPS://WWW.BOATOS.ORG/MUNDO/GEORGE-SOROS-PRESO-FILADELFIA-EUA-FRAUDE-ELEICOES.HTML|FALSO|2020-12-05 08:00:00|HTTPS://ENCRYPTED-TBN1.GSTATIC.COM/IMAGES?Q=TBN:AND9GCRSQCOSDKN_NO0QPUXVY95LK9SDTDQHRIFMATCO04RJX-U83KPY|['George Soros', 'Fraude', 'Eleição', 'Estados Unidos', 'Prisão', 'Bilionário', 'Software', 'Casa', 'Comunismo']
EX-PRESIDENTE DISSE QUE ELEITORES DO NORTE E NORDESTE VOTAM EM QUEM DER R$ 10 PARA ‘TOMAR CACHAÇA’|AOS FATOS|HTTPS://WWW.AOSFATOS.ORG/NOTICIAS/LULA-NAO-DISSE-QUE-ELEITORES-DO-NORTE-E-NORDESTE-VOTAM-EM-QUEM-DER-R-10-PARA-TOMAR-CACHACA/|FALSO|2020-08-27 07:00:00|HTTPS://ENCRYPTED-TBN1.GSTATIC.COM/IMAGES?Q=TBN:AND9GCQTPP10UAVQW1IX15KYDU9QWXTIM9KVDBTORMAMIG2Z-1KKQECV|['Presidente', 'Eleição', 'Região Nordeste do Brasil', 'Região Norte do Brasil']
ELEITORES DO PT DEVEM VOTAR APENAS NA SEGUNDA-FEIRA (8)|UOL NOTÍCIAS|HTTPS://NOTICIAS.UOL.COM.BR/COMPROVA/ULTIMAS-NOTICIAS/2018/10/03/MENSAGEM-QUE-PEDE-A-ELEITORES-DO-PT-QUE-VOTEM-SO-NA-SEGUNDA-FEIRA-E-FALSA.HTM|FALSO|2018-10-03 07:00:00|HTTPS://ENCRYPTED-TBN3.GSTATIC.COM/IMAGES?Q=TBN:AND9GCRVZ9KLYRBFJOGNTGKKJVMRV4ACM6NS0V4BNNSLD1X88Q9R4TOS|['Partido dos Trabalhadores', 'Partido dos Trabalhadores', 'Eleição', 'Votação', 'Segunda-feira']
TOTALIZAÇÃO DOS VOTOS DAS ELEIÇÕES É FEITA EM SALA SECRETA|UOL NOTÍCIAS|HTTPS://NOTICIAS.UOL.COM.BR/CONFERE/ULTIMAS-NOTICIAS/2022/09/02/O-QUE-E-A-SALA-COFRE-DO-TSE-E-PARA-QUE-ELA-SERVE.HTM|FALSO|2022-09-02 07:00:00|HTTPS://ENCRYPTED-TBN0.GSTATIC.COM/IMAGES?Q=TBN:AND9GCTJ0WWHQQH4W4VTNDLMQYDMWGAH47FCFTV0ORSL-XBHX8ZIR1S6|['Eleição', 'Votação']
ÁUDIO DE LUANA PIOVANI SOBRE AS ELEIÇÕES DE 2022|UOL NOTÍCIAS|HTTPS://NOTICIAS.UOL.COM.BR/CONFERE/ULTIMAS-NOTICIAS/2022/08/15/AUDIO-LUANA-PIOVANI-ELEICOES-2018.HTM|FALSO|2022-08-15 07:00:00|HTTPS://ENCRYPTED-TBN1.GSTATIC.COM/IMAGES?Q=TBN:AND9GCSDRXYGD0XFOKRLVNIV1OP6SX6UJOHZHQA43LNTOQYV_OZ-YE3Y|['Luana Piovani', 'Eleição', '2022', 'Eleições presidenciais brasileiras, 2022']
HÁ UM ZUMBIDO DE QUE A CNN TEM EM SEU PODER OS CÓDIGOS-FONTE DA APURAÇÃO DO RESULTADO DA ELEIÇÃO PRESIDENCIAL COM A PROVA DE QUE BOLSONARO FOI O ELEITO|BOATOS.ORG|HTTPS://WWW.BOATOS.ORG/POLITICA/CNN-TEM-OS-CODIGOS-FONTE-DAS-URNAS-QUE-PROVAM-VITORIA-DE-BOLSONARO-EM-2022.HTML|FALSO|2023-04-23 07:00:00|HTTPS://ENCRYPTED-TBN1.GSTATIC.COM/IMAGES?Q=TBN:AND9GCRSQCOSDKN_NO0QPUXVY95LK9SDTDQHRIFMATCO04RJX-U83KPY|['Jair Bolsonaro', 'CNN Brasil', 'Código-fonte', 'Eleição', 'Presidente', 'Eleições presidenciais', 'Resultado', 'Acufeno']
BIDEN INTERFERIU NAS ELEIÇÕES BRASILEIRAS, DIZ FOX NEWS|PROJETO COMPROVA|HTTPS://PROJETOCOMPROVA.COM.BR/PUBLICA%C3%A7%C3%B5ES/E-FALSO-QUE-JORNALISTA-AMERICANO-TENHA-PROVADO-INFLUENCIA-DE-BIDEN-NA-ELEICAO-BRASILEIRA/|FALSO|2022-11-04 07:00:00||['Eleição', 'Joe Biden', 'Brasil', 'Fox News Channel']
TRUMP VENCEU AS ELEIÇÕES DE MEIO MANDATO NOS EUA EM 2022|AFP CHECAMOS|HTTPS://CHECAMOS.AFP.COM/DOC.AFP.COM.32N887G|FALSO|2022-11-09 08:00:00|HTTPS://ENCRYPTED-TBN0.GSTATIC.COM/IMAGES?Q=TBN:AND9GCSD4LA-Q7RCMRZ2ZMF68ZGS6JDHMKHKZMHE6XMWKDSL2LJFQI_T|['Donald Trump', 'Eleições de meio de mandato dos Estados Unidos', 'Eleição', 'Estados Unidos', '2022']
COM PROVAS DE FRAUDE ELEITORAL EM MÃOS PELA AUDITORIA DO EXÉRCITO, STM DÁ AO MINISTRO ALEXANDRE DE MORAES 72 HORAS PARA EXPLICAR MANIPULAÇÕES JURÍDICAS DO TSE NAS ELEIÇÕES DE 2022.|BOATOS.ORG|HTTPS://WWW.BOATOS.ORG/POLITICA/STM-DA-72-HORAS-PARA-ALEXANDRE-DE-MORAES-EXPLICAR-MANIPULACOES-TSE-NAS-ELEICOES-2022.HTML|FALSO|2022-11-21 08:00:00|HTTPS://ENCRYPTED-TBN3.GSTATIC.COM/IMAGES?Q=TBN:AND9GCQEZPAIGOPOADVVAH7FNWM90WR3YTAY0GCKRQPQWVWVGAS5HRQR|['Alexandre de Moraes', 'Superior Tribunal Militar', 'Tribunal Superior Eleitoral', 'Eleição', 'Fraude eleitoral', 'Fraude', 'Ministro', '2022', 'Eleições presidenciais brasileiras, 2022']
EU FUI ELEITO POR UNANIMIDADE. EU FUI ELEITO PELO PSDB, PELO PT, PELO PR, POR TODOS OS PARTIDOS QUE COMPÕEM A ASSEMBLEIA LEGISLATIVA|AGÊNCIA PÚBLICA|HTTPS://ELEICOES.APUBLICA.ORG/2018/2018/09/CORRETO-ADALCLEVER-LOPES-FOI-ELEITO-PRESIDENTE-DA-ASSEMBLEIA-POR-UNANIMIDADE-EM-DUAS-OCASIOES/|VERDADEIRO|2018-09-21 07:00:00||['Eleição', 'Partido da Social Democracia Brasileira', 'PSDB', 'Partido político', 'Partido dos Trabalhadores', 'Partido Liberal', 'Partido dos Trabalhadores']
BOLETIM DE URNA ENCONTRADO NA RUA EM CURITIBA (PARANÁ) PROVA FRAUDE DE VOTOS NÃO CONTABILIZADOS PARA BOLSONARO NAS ELEIÇÕES|BOATOS.ORG|HTTPS://WWW.BOATOS.ORG/POLITICA/BOLETIM-URNA-RUA-CURITIBA-FRAUDE-BOLSONARO.HTML|FALSO|2022-10-04 07:00:00|HTTPS://ENCRYPTED-TBN0.GSTATIC.COM/IMAGES?Q=TBN:AND9GCREAOS3XVAGI98DR81FGLEHN2SC_R7Y-M5T2ZSKWXHMA47SUFPG|['Jair Bolsonaro', 'Urna eleitoral', 'Fraude', 'Votação', 'Eleição', 'Curitiba', 'Paraná']
FUNCIONÁRIA DO TSE RELATA A VULNERABILIDADE DO SISTEMA ELEITORAL BRASILEIRO|AFP CHECAMOS|HTTPS://CHECAMOS.AFP.COM/DOC.AFP.COM.32GR23X|FALSO|2022-08-18 07:00:00|HTTPS://ENCRYPTED-TBN2.GSTATIC.COM/IMAGES?Q=TBN:AND9GCTK25UIWQSB-GHBPITFH6JJBBANL3_PIC4MPGYHTUMQNLFQWW_S|['Sistema eleitoral do Brasil', 'Tribunal Superior Eleitoral', 'Eleição', 'Funcionário']
ESTABILIDADE DAS PORCENTAGENS DE VOTOS DURANTE APURAÇÃO EM SÃO PAULO É INDÍCIO DE FRAUDE ELEITORAL.|AOS FATOS|HTTPS://WWW.AOSFATOS.ORG/NOTICIAS/ESTABILIDADE-DOS-RESULTADOS-PARCIAIS-EM-SAO-PAULO-NAO-INDICA-QUE-HOUVE-FRAUDE-ELEITORAL/|FALSO|2020-11-17 08:00:00|HTTPS://ENCRYPTED-TBN2.GSTATIC.COM/IMAGES?Q=TBN:AND9GCRWT7EMR6J2MAMG_F3YERKVTCXPOSUXJGCNELEGTYZGGSZTXV3T|['Fraude eleitoral', 'Fraude', 'Eleição', 'Votação', 'São Paulo', 'indício', 'Porcentagem']
POLICIAIS MILITARES DO DISTRITO FEDERAL DENUNCIAM FRAUDE NAS URNAS ELETRÔNICAS EM ELEIÇÕES DE 2020|AFP CHECAMOS|HTTPS://CHECAMOS.AFP.COM/DENUNCIA-DE-POLICIAIS-SOBRE-SUPOSTO-PROBLEMA-NAS-URNAS-E-DE-2018-MAS-FOI-CONSIDERADA-INFUNDADA|FALSO|2020-10-21 07:00:00|HTTPS://ENCRYPTED-TBN1.GSTATIC.COM/IMAGES?Q=TBN:AND9GCRQTVROSYCBBAXCFNNOBHSBA_UHRG_P58FRGBP8YWJJHXWCU3XH|['Polícia', 'Fraude nas urnas eletrônicas', 'Eleição', 'Polícia militar', 'Forças armadas', '2020', 'Eleições municipais no Brasil, 2020', 'Brasília']
ERRO DE PESQUISA MOSTRADO EM VÍDEO PROVA QUE PESQUISAS ELEITORAIS SÃO FRAUDADAS|AOS FATOS|HTTPS://WWW.AOSFATOS.ORG/NOTICIAS/ERRO-MOSTRADO-EM-VIDEO-E-DE-PESQUISA-CONTRATADA-POR-CANDIDATO-EM-RONDONIA/|FALSO|2022-09-23 07:00:00|HTTPS://ENCRYPTED-TBN0.GSTATIC.COM/IMAGES?Q=TBN:AND9GCSV1T8A0VL5XZ5GKFZ0D-GUSF482CFQN_HRY9WBQAF6_0H8SYXL|['Pesquisa', 'Eleição', 'Erro', 'Vídeo']
TRE SUSPENDEU O RESULTADO DAS ELEIÇÕES NO SITE E NO APLICATIVO, APENAS EM QUEIMADOS!|O GLOBO|HTTPS://OGLOBO.GLOBO.COM/FATO-OU-FAKE/E-FAKE-QUE-TRE-RJ-SUSPENDEU-RESULTADO-DA-ELEICAO-EM-QUEIMADOS-24771514|FALSO|2020-11-29 08:00:00|HTTPS://ENCRYPTED-TBN0.GSTATIC.COM/IMAGES?Q=TBN:AND9GCTNTMQ7CKML-M5ZH7UUM71ZPXX8UR0I2DNZLAD7ZAYEIAKNJLYO|['Eleição', 'Queimados']
VÍDEO MOSTRA PRESIDIÁRIOS COMEMORANDO VITÓRIA DE LULA NO 1º TURNO DAS ELEIÇÕES|BOATOS.ORG|HTTPS://WWW.BOATOS.ORG/POLITICA/VIDEO-MOSTRA-PRESIDIARIOS-COMEMORANDO-VITORIA-LULA-NO-1O-TURNO-ELEICOES.HTML|FALSO|2022-10-10 07:00:00|HTTPS://ENCRYPTED-TBN3.GSTATIC.COM/IMAGES?Q=TBN:AND9GCQEZPAIGOPOADVVAH7FNWM90WR3YTAY0GCKRQPQWVWVGAS5HRQR|['Luiz Inácio Lula da Silva', 'Eleição', 'Vídeo']
TUÍTE REPRODUZ PARTICIPAÇÃO DO COMENTARISTA MATTHEW TYRMAND NO PROGRAMA TUCKER CARLSON TONIGHT, DA EMISSORA FOX NEWS, DOS ESTADOS UNIDOS. NO VÍDEO, TYRMAND COMENTA OS ATOS AO REDOR DO BRASIL QUE CONTESTAM, SEM EVIDÊNCIAS, O RESULTADO DAS ELEIÇÕES PRESIDENCIAIS, DIZENDO SE TRATAR DO “MAIOR PROTESTO DEMOCRÁTICO E POSSIVELMENTE ATÉ DA HUMANIDADE”.|FOLHA - UOL|HTTPS://WWW1.FOLHA.UOL.COM.BR/PODER/2022/12/NAO-E-POSSIVEL-AFIRMAR-QUE-ATOS-ANTIDEMOCRATICOS-CONTRA-RESULTADO-DAS-ELEICOES-SAO-O-MAIOR-PROTESTO-DA-HISTORIA.SHTML|FALSO|2022-12-07 08:00:00|HTTPS://ENCRYPTED-TBN3.GSTATIC.COM/IMAGES?Q=TBN:AND9GCQBCJZG9INC4DWHW9JQONWBNI-I2KTYLUPGQWSUZH_HZJ94ULY-|['Eleição', 'Democracia', 'Presidente', 'Brasil', 'Eleições presidenciais', 'Estados Unidos', 'Comentarista', 'Tucker Carlson Tonight']
“FRAUDE NAS URNAS DO NORDESTE JÁ É NOTÍCIA NO EXTERIOR URGENTE: PERITOS FORENSES ALERTAM PARA “BANDEIRAS VERMELHAS” NO PRIMEIRO TURNO DA ELEIÇÃO PRESIDENCIAL BRASILEIRA, CITANDO ANOMALIAS ESTATÍSTICAS DETECTADAS PELA LEI DE BENFORD”.|BOATOS.ORG|HTTPS://WWW.BOATOS.ORG/POLITICA/FRAUDE-NAS-URNAS-NORDESTE-FOI-COMPROVADA-E-E-NOTICIA-NO-EXTERIOR.HTML|FALSO|2022-11-02 07:00:00|HTTPS://ENCRYPTED-TBN3.GSTATIC.COM/IMAGES?Q=TBN:AND9GCQEZPAIGOPOADVVAH7FNWM90WR3YTAY0GCKRQPQWVWVGAS5HRQR|['Fraude nas urnas eletrônicas', 'Urna eleitoral', 'Notícia', 'Eleição', 'Presidente', 'Eleições presidenciais', 'Lei de Benford', 'Brasil', 'Bandeira']
APLICATIVO PARDAL, DA JUSTIÇA ELEITORAL, PROÍBE DENÚNCIAS CONTRA O PT|AOS FATOS|HTTPS://WWW.AOSFATOS.ORG/NOTICIAS/PARDAL-TSE-NAO-IMPEDE-DENUNCIAS-CONTRA-PT/|FALSO|2022-10-28 07:00:00|HTTPS://ENCRYPTED-TBN2.GSTATIC.COM/IMAGES?Q=TBN:AND9GCTXYQAJVHW1JWGB4JZF-SFPI4DG-WTVB490HPPFA_B3H1EWDTYN|['Partido dos Trabalhadores', 'Partido dos Trabalhadores', 'Tribunal Superior Eleitoral', 'Eleição', 'Denúncia']
CABRAL ACUSOU DIAS TOFFOLI DE RECEBER R$ 3 MILHÕES PARA ALTERAR VOTOS DE ELEITORES|AOS FATOS|HTTPS://WWW.AOSFATOS.ORG/NOTICIAS/CABRAL-NAO-ACUSOU-TOFFOLI-DE-RECEBER-R-3-MILHOES-PARA-ALTERAR-VOTOS-DE-ELEITORES/|FALSO|2021-08-10 07:00:00||['José Antonio Dias Toffoli', 'Sérgio Cabral Filho', 'Votação', 'Eleição']
LULA DIZ EM JANTAR COM ALIADOS QUE NEM DEUS TIRA ESSA ELEIÇÃO DELE, DIZ G1|PROJETO COMPROVA|HTTPS://PROJETOCOMPROVA.COM.BR/PUBLICA%C3%A7%C3%B5ES/G1-NAO-PUBLICOU-MATERIA-NA-QUAL-LULA-AFIRMA-QUE-NEM-DEUS-TIRA-ESSA-ELEICAO-DA-GENTE/|FALSO|2022-10-06 07:00:00||['Luiz Inácio Lula da Silva', 'Eleição', 'g1', 'Deus', 'Jantar']
APRENDENDO COM LULA COMO OFENDER SEUS PRÓPRIOS ELEITORES. JUMENTO ANDANDO DE MOTO OU DE CARRO?|UOL NOTÍCIAS|HTTPS://NOTICIAS.UOL.COM.BR/CONFERE/ULTIMAS-NOTICIAS/2023/04/23/LULA-NAO-CHAMOU-ELEITORES-DE-JUMENTOS-EM-EVENTO.HTM|FALSO|2023-04-23 07:00:00|HTTPS://ENCRYPTED-TBN3.GSTATIC.COM/IMAGES?Q=TBN:AND9GCQF3K23VWSJCGOP1O6IEDEWBN8ED7GTIMK0SRLTRAYE2OM0AUIL|['Luiz Inácio Lula da Silva', 'Eleição', 'Asno', 'Motocicleta', 'Automóvel']
A POLÍCIA FEDERAL E EXÉRCITO, ACABAM DE CONFIRMAR, COM PROVAS INCONTESTE, QUE AS ELEIÇÕES FORAM FRAUDADAS EM PARTE DA REGIÃO NORTE E EM TODO O NORDESTE|BOATOS.ORG|HTTPS://WWW.BOATOS.ORG/POLITICA/POLICIA-FEDERAL-EXERCITO-COMPROVAM-QUE-ELEICOES-FORAM-FRAUDADAS-NAS-REGIOES-NORTE-NORDESTE.HTML|FALSO|2022-11-03 07:00:00||['Polícia Federal', 'Departamento de Polícia Federal', 'Eleição', 'Polícia', 'Região Nordeste do Brasil', 'Região Norte do Brasil', 'Exército']
"POSTS QUE CIRCULAM NAS REDES SOCIAIS MENTEM AO AFIRMAR QUE ""MESÁRIOS BOLSONARISTAS NÃO VÃO ENTREGAR AOS ELEITORES OS COMPROVANTES DE VOTAÇÃO E NEM EXIGIR ASSINATURA NO LIVRO DE REGISTRO"" PARA, AO FIM DA APURAÇÃO, ""ALEGAREM QUE HÁ MAIS VOTOS NAS URNAS DO QUE ELEITORES CONFIRMADOS""."|FOLHA - UOL|HTTPS://WWW1.FOLHA.UOL.COM.BR/PODER/2022/10/ELEITORES-COM-BIOMETRIA-CADASTRADA-NAO-PRECISAM-ASSINAR-CADERNO-DE-VOTACAO.SHTML|FALSO|2022-10-02 07:00:00|HTTPS://ENCRYPTED-TBN2.GSTATIC.COM/IMAGES?Q=TBN:AND9GCQ9M6FZ54XVRB5SFP88UF3BMB8UJVWACICXRTPTMLOMJFGTNY5X|['Votação', 'Eleição', 'Mesário', 'Urna eleitoral', 'Bolsonarismo', 'Livro', 'Assinatura']
MODELO BASEADO EM LEI MATEMÁTICA DE BENFORD PROVA FRAUDE EM ELEIÇÕES|UOL NOTÍCIAS|HTTPS://NOTICIAS.UOL.COM.BR/COMPROVA/ULTIMAS-NOTICIAS/2018/10/10/VIDEO-COM-SUSPEITAS-SOBRE-URNAS-CITA-LEI-MATEMATICA-QUE-NAO-PROVA-FRAUDE.HTM|FALSO|2018-10-10 07:00:00|HTTPS://ENCRYPTED-TBN1.GSTATIC.COM/IMAGES?Q=TBN:AND9GCTCGPPVV95SNGMG23OKOL3-M5JNIRVJCPZ6RY1X-THCNEO_ZNBR|['Fraude', 'Eleição', 'Matemática', 'Lei', 'Lei de Benford', 'Modelo']
HOMEM ENVOLVIDO EM ATENTADO CONTRA TARCÍSIO ESTAVA EM COMÍCIO DE LULA NO RJ|PROJETO COMPROVA|HTTPS://PROJETOCOMPROVA.COM.BR/PUBLICA%C3%A7%C3%B5ES/E-FALSO-QUE-HOMEM-EM-ATO-DE-LULA-TENHA-SIDO-PRESO-POR-TIROTEIO-DURANTE-AGENDA-DE-TARCISIO-EM-SP/|FALSO|2022-10-24 07:00:00||['Tarcísio de Freitas', 'Luiz Inácio Lula da Silva', 'Eleição', 'Homem', 'Rio de Janeiro']
LULA DISSE QUE VAI CENSURAR PADRES E PASTORES SE FOR ELEITO PRESIDENTE|AOS FATOS|HTTPS://WWW.AOSFATOS.ORG/NOTICIAS/E-FALSO-QUE-LULA-DISSE-QUE-VAI-CENSURAR-PADRES-E-PASTORES-SE-FOR-ELEITO-PRESIDENTE/|FALSO|2022-01-04 08:00:00|HTTPS://ENCRYPTED-TBN3.GSTATIC.COM/IMAGES?Q=TBN:AND9GCRJUBE7KKHAVL5GWGQCREGH1RWEKHVBPRPXCKVYHLOOY9GAFMYE|['Luiz Inácio Lula da Silva', 'Presidente', 'Eleição', 'Censura', 'Pastor']
TRE ANULA A ELEIÇÃO DEVIDO A FALHA NO SISTEMA DE APURAÇÃO DOS VOTOS. SERÁ DESIGNADA NOVA DATA PARA A REALIZAÇÃO DO NOVO PLEITO ELEITORAL!|BOATOS.ORG|HTTPS://WWW.BOATOS.ORG/POLITICA/TSE-E-TRE-ANULAM-ELEICOES-EM-DIVERSAS-CIDADES-POR-FALHA-NO-SISTEMA-DE-APURACAO-DE-VOTOS.HTML|FALSO|2020-11-23 08:00:00|HTTPS://ENCRYPTED-TBN1.GSTATIC.COM/IMAGES?Q=TBN:AND9GCRSQCOSDKN_NO0QPUXVY95LK9SDTDQHRIFMATCO04RJX-U83KPY|['Eleição', 'Votação', 'Tribunal Regional Eleitoral', 'Sistema', 'Partido Novo']
"LULA DISSE NO DEBATE ELEITORAL: ""EU QUINUPLIQUEI O ORÇAMENTO DA EDUCAÇÃO"""|AFP CHECAMOS|HTTPS://CHECAMOS.AFP.COM/DOC.AFP.COM.32HA9F2|FALSO|2022-08-29 07:00:00|HTTPS://ENCRYPTED-TBN3.GSTATIC.COM/IMAGES?Q=TBN:AND9GCTAZCF_SMVTC3IEYFCNHSVWM-ZWOEZXXNWRWB1N9RUHPHMLH6K7|['Eleição', 'Debate', 'Debate eleitoral', 'Luiz Inácio Lula da Silva', 'Educação', 'Orçamento']
INVASÃO A UMA LOJA DA HAVAN APÓS A ELEIÇÃO DE LULA PARA A PRESIDÊNCIA|AFP CHECAMOS|HTTPS://CHECAMOS.AFP.COM/DOC.AFP.COM.32MR3KE|FALSO|2022-11-03 07:00:00|HTTPS://ENCRYPTED-TBN1.GSTATIC.COM/IMAGES?Q=TBN:AND9GCTRFMXIX97IVEBWMNFVHPLBEK5H76EJXTW1Z1LSS8E5GKUBCKA3|['Havan', 'Havan', 'Luiz Inácio Lula da Silva', 'Eleição', 'Presidente do Brasil', 'Loja']
MICHELLE OBAMA SE REGISTROU PARA VOTAR COMO HOMEM EM 1994, DE ACORDO COM O CONSELHO ELEITORAL DO ESTADO DE ILLINOIS|BOATOS.ORG|HTTPS://WWW.BOATOS.ORG/MUNDO/MICHELLE-OBAMA-SE-REGISTROU-COMO-HOMEM-PARA-VOTAR-EM-1994.HTML|FALSO|2023-02-09 08:00:00|HTTPS://ENCRYPTED-TBN1.GSTATIC.COM/IMAGES?Q=TBN:AND9GCRSQCOSDKN_NO0QPUXVY95LK9SDTDQHRIFMATCO04RJX-U83KPY|['Michelle Obama', 'Votação', 'Eleição', '1994', 'Homem']
