Claim,Source Name,Source URL,Verdict,Review Publication Date,Image URL,Tags
Lula ladrão seu lugar é na prisão em plena propaganda eleitoral na Marquês de Sapucaí,UOL Notícias,https://noticias.uol.com.br/confere/ultimas-noticias/2026/02/19/falso-video-lula-vaiado-sapucai.htm,Falso,2026-02-19 08:00:00,https://encrypted-tbn3.gstatic.com/images?q=tbn:ANd9GcTVAPV6eKTGdlxnAxW2NSrMJiI4jbqwLgNxOyOeOfMtE_qzi05s,"['Sambódromo Marquês de Sapucaí', 'Luiz Inácio Lula da Silva', 'Campanha eleitoral', 'Eleição', 'Propaganda', 'Prisão']"
"Judiciário brasileiro é eleito o segundo mais corrupto e injusto do mundo, segundo ranking global",BOL - UOL,https://www.bol.uol.com.br/noticias/2026/01/27/enganoso-judiciario-brasileiro-segundo-mais-corrupto-do-mundo.htm,Distorcido,2026-01-27 08:00:00,https://encrypted-tbn2.gstatic.com/images?q=tbn:ANd9GcTuIM6xPeOZMY5kkaHPL5UztJkrN4PX3GkG1rkgbSBIsUx8Ga_Y,"['Corrupção', 'Poder judiciário', 'Mundo', 'Eleição']"
"Judiciário brasileiro é eleito o 2º mais corrupto e injusto do mundo, segundo ranking global",Checamos,https://checamos.afp.com/doc.afp.com.943D264,Enganoso,2026-01-26 08:00:00,https://encrypted-tbn3.gstatic.com/images?q=tbn:ANd9GcT9vKgHtLFBjVRTDxDDA1RZXArMVo-dfAHgizINVbwz5Y7UcUC5,"['Corrupção', 'Poder judiciário', 'Eleição', 'Mundo']"
"Eleitora diz que votaram em seu lugar nas eleições de 2022, quando estava fora do país.",Aosfatos.org,https://www.aosfatos.org/noticias/nao-e-verdade-tse-contabilizou-voto-eleitora-ausente-2022/,falso,2026-01-16 08:00:00,https://encrypted-tbn2.gstatic.com/images?q=tbn:ANd9GcQioBcwD_3vB-l3eQK_KR5uOUWMfqS02YqWfMpwi-p3pFruXL7a,"['Eleitor', 'Eleição', '2022', 'Eleições presidenciais brasileiras, 2022']"
Mulher que mora nos EUA descobriu registro de voto nas eleições de 2022 no Brasil,Estadão,https://www.estadao.com.br/estadao-verifica/mulher-que-mora-nos-eua-tem-registro-de-voto-em-2022-enganoso/,Enganoso,2026-01-13 08:00:00,https://encrypted-tbn3.gstatic.com/images?q=tbn:ANd9GcSMhQpv4da1O_uC-uKKGWkNtrJoY4h5wgLIt0X-GlCRFFfpWPf_,"['Votação', 'Eleição', 'Eleições presidenciais brasileiras, 2022', 'Estados Unidos', '2022', 'Brasil', 'Eleições gerais brasileiras, 2022']"
Flávio Bolsonaro assume liderança em pesquisa sobre eleições de 2026,AFP Checamos,https://checamos.afp.com/doc.afp.com.89PM7T3,Falso,2026-01-05 08:00:00,https://encrypted-tbn0.gstatic.com/images?q=tbn:ANd9GcS9VJaZL7yrIZ0cpBZ3sZ557suH0W1iHe_8FF_fd86m5s2bZXF-,"['Flávio Bolsonaro', 'Eleição', '2026', 'Pesquisa', 'Liderança']"
Publicar esta foto onde está a líder da oposição junto al Presidente eleito Edmundo González que estão em Oslo é uma honra.,Observador,https://observador.pt/factchecks/fact-check-fotografia-mostra-maria-corina-machado-com-edmundo-gonzalez-no-grand-hotel-de-oslo/,Errado,2025-12-29 08:00:00,,"['Edmundo González Urrutia', 'Oslo', 'Fotografia', 'Eleição', 'presidente eleito', 'Presidente', 'Oposição', 'Honra', 'Liderança']"
Lula promete que não vai mais enganar o povo se for eleito novamente,AFP Checamos,https://checamos.afp.com/doc.afp.com.88VA6T3,Enganoso,2025-12-22 08:00:00,https://encrypted-tbn2.gstatic.com/images?q=tbn:ANd9GcT56iOQkgI4LydByvdOAso0xNwvNCCn3wYW2DqOTtcIzAQWE2nn,"['Luiz Inácio Lula da Silva', 'O Povo', 'Eleição']"
"Lula promete que, se for eleito de novo, 'não vai enganar o povo mais uma vez'",UOL Notícias,https://noticias.uol.com.br/confere/ultimas-noticias/2025/12/19/frase-de-lula-sobre-nao-enganar-o-povo-era-sobre-frente-ampla-em-2020.htm,Distorcido,2025-12-19 08:00:00,https://encrypted-tbn1.gstatic.com/images?q=tbn:ANd9GcQW2ko52xuunFtil0okh9fFGkZoYEQKHZ0K6HhNZgmh0rv4HIwf,"['Luiz Inácio Lula da Silva', 'Engano', 'Povo', 'Eleição']"
Lula perdeu todas as eleições com votação manual e nunca perdeu eleição com urna eletrônica,AFP Checamos,https://checamos.afp.com/doc.afp.com.88868T3,Enganoso,2025-12-15 08:00:00,https://encrypted-tbn3.gstatic.com/images?q=tbn:ANd9GcSPx91vlwuNv1FS1LQFgYoKlst6XbPJyqt1S6uQUczFCfzGI_0s,"['Luiz Inácio Lula da Silva', 'Eleição', 'Votação', 'Urna eleitoral', 'Máquina de votação', 'Eletrônica']"
Vídeo mostra Luciano Hang comemorando indicação de Flávio Bolsonaro para disputar eleição presidencial de 2026,Aosfatos.org,https://www.aosfatos.org/noticias/video-celebracao-luciano-hang-2018-nao-apos-bolsonaro-indicar-flavio-presidencia/,falso,2025-12-09 08:00:00,https://encrypted-tbn3.gstatic.com/images?q=tbn:ANd9GcSOvOb9hjPuPe1EG--wiB-J3x2_DaxN7VzbcNJvfTRTq5RASUCV,"['Jair Bolsonaro', 'Flávio Bolsonaro', 'Luciano Hang', 'Presidente', 'Eleição', 'Vídeo', 'Eleições presidenciais', '2026']"
Lula perdeu todas as eleições feitas com cédulas de papel e venceu todas após as urnas eletrônicas,Aosfatos.org,https://www.aosfatos.org/noticias/falso-que-lula-so-venceu-eleicoes-apos-urnas-eletronicas/,falso,2025-12-09 08:00:00,https://encrypted-tbn1.gstatic.com/images?q=tbn:ANd9GcRe5e01nS8_OJfem_RbqwCjJv7y3lPetCtiTa6iWoWPz3OyEiZ8,"['Luiz Inácio Lula da Silva', 'Eleição', 'Urna eleitoral', 'Urna eletrônica', 'Cédula eleitoral', 'Papel']"
"Toffoli entrega gravação onde diz: ""a ordem é prender Bolsonaro antes das eleições de 2026""",UOL Notícias,https://noticias.uol.com.br/confere/ultimas-noticias/2025/12/08/e-falso-que-toffoli-entregou-gravacao-de-moraes-sobre-bolsonaro-ao-fbi.htm,Falso,2025-12-08 08:00:00,https://encrypted-tbn2.gstatic.com/images?q=tbn:ANd9GcT2HBgfMUYegyEgdTJ7L7_VAZ_Z_szjulc1tFCsCobKDxOAti0Q,"['José Antonio Dias Toffoli', 'Jair Bolsonaro', 'Gravação', 'Eleição']"
"Zohran Mamdani, o muçulmano eleito em 2025 como prefeito de Nova York, vai exigir que TODAS as crianças nova iorquinas aprendam numerais arábicos.",Observador,https://observador.pt/factchecks/fact-check-mayor-de-nova-iorque-quer-impor-aprendizagem-de-numeros-arabes/,Errado,2025-11-29 08:00:00,https://encrypted-tbn3.gstatic.com/images?q=tbn:ANd9GcSPoSTekUtgc_77fQoKLZVgRXrfRC2VlIfGvKU-4cRTmZlv5x96,"['Zohran Mamdani', 'Prefeito de Nova York', 'Algarismos ocidentais', 'Nova Iorque', 'Primátor', 'Árabes', 'Eleição', 'Numeral', 'Criança']"
"""Então teremos de prendê-lo"". Trump ameaça prender o presidente eleito para a Câmara de Nova Iorque. Este presidente só se ferra vai acabar igual ao Bolsonaro.",Observador,https://observador.pt/factchecks/fact-check-donald-trump-diz-que-vai-prender-o-recem-eleito-presidente-da-camara-de-nova-iorque/,Enganador,2025-11-28 08:00:00,https://encrypted-tbn2.gstatic.com/images?q=tbn:ANd9GcT7EC9JTQvpT4eoev45ZD_q7vPnCJRIKFPX3WrtWSAo--cRMwwf,"['Donald Trump', 'Presidente', 'Eleição', 'Nova Iorque', 'Jair Bolsonaro', 'Câmara dos Deputados do Brasil']"
"""E o prefeito eleito de Nova Iorque, enviado de satanás, Zohran Mamdani, se recusa a prestar juramento a constituição americana""",Observador,https://observador.pt/factchecks/fact-check-novo-mayor-de-nova-iorque-recusou-se-a-prestar-juramento-de-respeito-a-constituicao-norte-americana/,Errado,2025-11-26 08:00:00,https://encrypted-tbn3.gstatic.com/images?q=tbn:ANd9GcSPoSTekUtgc_77fQoKLZVgRXrfRC2VlIfGvKU-4cRTmZlv5x96,"['Zohran Mamdani', 'Primátor', 'Juramento', 'Nova Iorque', 'Estados Unidos', 'Eleição', 'Constituição']"
"""O líder do Chega, André Ventura, voltou a colocar Portugal no centro de uma tempestade internacional ao afirmar que, caso vença as eleições presidenciais, pondera solicitar o apoio da NATO para uma intervenção internacional em Angola.""",Observador,https://observador.pt/factchecks/fact-check-andre-ventura-prometeu-usar-a-nato-para-atacar-angola-se-for-eleito-presidente/,Errado,2025-11-26 08:00:00,https://encrypted-tbn3.gstatic.com/images?q=tbn:ANd9GcSPoSTekUtgc_77fQoKLZVgRXrfRC2VlIfGvKU-4cRTmZlv5x96,"['André Ventura', 'Angola', 'Organização do Tratado do Atlântico Norte', 'Chega!', 'Presidente', 'Eleição', 'Portugal']"
"“ESTADO ISLÂMICO PARABENIZA ELEIÇÃO DO ""NOVO PREFEITO"" DE NOVA YORK. Na imagem o manifesto do grupo terrorista Estado Islâmico comemorando a vitória do muçulmano Zohran Kwame Mamdani""",Observador,https://observador.pt/factchecks/fact-check-estado-islamico-parabenizou-zohran-mamdani-pela-vitoria-na-corrida-a-camara-de-nova-iorque/,Errado,2025-11-24 08:00:00,,"['Zohran Mamdani', 'Prefeito de Nova York', 'Nova Iorque', 'Eleição', 'Primátor', 'Islã', 'Terrorismo', 'Imagem']"
Flavio Bolsonaro diz que vitória será no 1º turno,Estadão,https://www.estadao.com.br/estadao-verifica/video-flavio-bolsonaro-primeiro-turno-elaicoes-2022/,Fora de contexto,2025-12-11 08:00:00,https://encrypted-tbn3.gstatic.com/images?q=tbn:ANd9GcTCUH6RAvV-pRDnRNwuaI0yEe6wM5Zz1lEeTS4gRW6HgVDHQWVg,['Flávio Bolsonaro']
Vídeo mostra muçulmanos reivindicando Nova York após eleição de Mamdani,Checamos,https://checamos.afp.com/doc.afp.com.843U3G3,Falso,2025-11-14 08:00:00,https://encrypted-tbn1.gstatic.com/images?q=tbn:ANd9GcTmLTj7O-hZa77V6_84vU64W8lJiJID4gy8a7iYEHnRK8n3Dmmr,"['Zohran Mamdani', 'Islã', 'Eleição', 'Nova Iorque', 'Vídeo']"
Muçulmanos fazem orações em NY após eleição de Zohran Mamdani,Estadão,https://www.estadao.com.br/estadao-verifica/muculmanos-rezando-em-ny-apos-eleicao-de-zohran-mamdani-fora-de-contexto/,Fora de contexto,2025-11-10 08:00:00,https://encrypted-tbn0.gstatic.com/images?q=tbn:ANd9GcRZBZBiw9bmc8mMJH5qSfO_lhE3FzHk8W2uvy4WdGKSCoRHt-fM,"['Zohran Mamdani', 'Nova Iorque', 'Muçulmano', 'Eleição', 'Oração']"
Após a eleição de Zohran Mamdani para a Prefeitura de NY mulçumanos reivindicam Nova York para o islã.,Estadão,https://www.estadao.com.br/estadao-verifica/zohran-mamdani-isla-entrar-lares-times-square/,Fora de contexto,2025-11-07 08:00:00,https://encrypted-tbn1.gstatic.com/images?q=tbn:ANd9GcRswhZ5t6PJtif_joo0IS1kFrkYADpr-iMvZ9Ae-mpv7BZiw4is,"['Zohran Mamdani', 'Muçulmano', 'Islã', 'Nova Iorque', 'Eleição', 'Prefeito no Brasil']"
Vídeo mostra ato pró-Islã após Zohran Mamdani ser eleito prefeito de Nova York,Aos Fatos,https://www.aosfatos.org/noticias/video-de-ato-muculmano-em-nova-york-e-de-2023-e-nao-tem-relacao-com-novo-prefeito/,falso,2025-11-07 08:00:00,https://encrypted-tbn2.gstatic.com/images?q=tbn:ANd9GcQ6awIUA60qrXWNe1oNe_yTlyS4uAOUOU4g_BlAba9QwIM8VnUi,"['Zohran Mamdani', 'Prefeito de Nova York', 'Nova Iorque', 'Primátor', 'Islã', 'Vídeo', 'Eleição']"
"Líder do governo no Senado, Jaques Wagner propõe adiar eleições de 2026",Estadão,https://www.estadao.com.br/estadao-verifica/jaques-wagner-propoe-adiar-eleicao-2026-enganoso/,Enganoso,2025-10-07 07:00:00,https://encrypted-tbn3.gstatic.com/images?q=tbn:ANd9GcQuJGyDkxRw9jnQjypD8wNXsQAmKhDPPktD8dJIbp7PPmNUJRF8,"['Jaques Wagner', 'Eleição', '2026', 'Senado Federal do Brasil', 'Chefe de governo', 'Governo']"
Jaques Wagner propôs adiar eleição de 2026,Aosfatos.org,https://www.aosfatos.org/noticias/jaques-wagner-nao-defendeu-adiar-eleicoes-de-2026/,falso,2025-10-07 07:00:00,https://encrypted-tbn2.gstatic.com/images?q=tbn:ANd9GcSJQvrjB32plpMbGzQ_I02vul746vGs5wDAwVzMmYRqnA7FVNYR,"['Jaques Wagner', 'Eleição', '2026']"
"""Careca do INSS"" doou R$ 1 milhão para Jair Bolsonaro nas eleições de 2022",Estadão,https://www.estadao.com.br/estadao-verifica/site-do-tse-mostra-que-careca-do-inss-doou-r-1-a-campanha-de-bolsonaro-em-2022-e-nao-r-1-milhao/,Falso,2025-09-15 07:00:00,https://encrypted-tbn1.gstatic.com/images?q=tbn:ANd9GcTxlvddIRxnD3uroVGdwEu_8j8syVgzTPg51rdI3c2sDk0ov7Uo,"['Careca do INSS', 'Jair Bolsonaro', '2022', 'Eleição', 'Eleições presidenciais brasileiras, 2022']"
"Foi declarada hoje uma nova sanção que pode eleger o capitão em 2026, mas que para isso aconteça ele precisa da sua ajuda. O STF determinou que se a multa de 30 milhões for paga na data prevista, o líder pode concorrer à presidência em 2026.",Observador,https://observador.pt/factchecks/fact-check-bolsonaro-pode-concorrer-as-eleicoes-presidenciais-de-pagar-multa-de-30-milhoes/,Errado,,https://encrypted-tbn3.gstatic.com/images?q=tbn:ANd9GcSPoSTekUtgc_77fQoKLZVgRXrfRC2VlIfGvKU-4cRTmZlv5x96,"['Multa', 'Presidente do Brasil', 'Sanção jurídica', 'Supremo Tribunal Federal', '2026']"
"Barroso pagou R$ 9 milhões a partidos para derrubar a PEC do Voto Impresso, comprou microchips de Taiwan com milhões de votos para Lula e destruiu cerca de 200 mil urnas que escondiam provas da fraude eleitoral de 2022",Aosfatos.org,https://www.aosfatos.org/noticias/video-mentiras-atuacao-barroso-tse-alegar-fraude-em-2022/,falso,2025-08-11 07:00:00,https://encrypted-tbn0.gstatic.com/images?q=tbn:ANd9GcS_cIH6r_9H_m8HTmsB6XuCIlxl1U9qbR9SmXV9G4YICdFB88hS,"['Luís Roberto Barroso', 'Fraude', 'Fraude eleitoral', 'Urna eleitoral', 'Eleição', 'Votação', 'Luiz Inácio Lula da Silva', 'Comprovante de votação verificado pelo eleitor', 'Partido político']"
Lula defende menos eleições,UOL Notícias,https://noticias.uol.com.br/comprova/ultimas-noticias/2025/07/29/video-distorce-fala-de-lula-para-atribuir-a-ele-ataque-a-democracia.htm,Enganoso,2025-07-29 07:00:00,https://encrypted-tbn3.gstatic.com/images?q=tbn:ANd9GcTDEOW1fpG_ZwKAG5zGG0NAcWkFp-5e6f9BEE90BPymhTsRTiFu,"['Luiz Inácio Lula da Silva', 'Eleição']"
Lula declara que eleições a cada 4 ou 5 anos ‘não são suficientes’ e analistas alertam para possível intenção de prolongar seu próprio mandato,Checamos,https://checamos.afp.com/doc.afp.com.67W36CQ,Enganoso,2025-07-25 07:00:00,https://encrypted-tbn0.gstatic.com/images?q=tbn:ANd9GcTkXph5aze5us36yV1oIayTyRNpDCW2vGy-WOR3_TMZlPecZnd6,"['Luiz Inácio Lula da Silva', 'Eleição', 'Mandato', 'Analista']"
Lula disse que não haverá eleições em 2026,Estadão,https://www.estadao.com.br/estadao-verifica/lula-chile-nao-tera-eleicoes-2026/,Enganoso,2025-07-23 07:00:00,https://encrypted-tbn0.gstatic.com/images?q=tbn:ANd9GcQubBjoNjgFrOQjwEm29ljl5YEpUfVYFJB6uZIV2Sf_y_rDrlLp,"['Luiz Inácio Lula da Silva', 'Eleição', '2026']"
"Em vídeo, celebridades declaram apoio a Lula em 2026",Projeto Comprova,https://projetocomprova.com.br/publica%C3%A7%C3%B5es/deepfakes-no-tiktok-usam-celebridades-para-simular-apoio-a-lula-nas-eleicoes-de-2026/,Falso,2025-08-13 07:00:00,,"['Luiz Inácio Lula da Silva', 'Celebridade', 'Vídeo']"
PT comprou filiados com R$ 100 na quadra da Unidos da Vila Kennedy,Estadão,https://www.estadao.com.br/estadao-verifica/video-escola-de-samba-eleicoes-internas-compra-de-filiados-enganoso/,Enganoso,2025-07-24 07:00:00,https://encrypted-tbn1.gstatic.com/images?q=tbn:ANd9GcT2KRxIC6Nn7JkLv5PKkY8tXvUCYIs6lWOZNIpOC0ssRYxod5sb,"['Partido dos Trabalhadores', 'Partido dos Trabalhadores', 'Vila Kennedy', 'Unidos da Vila Kennedy']"
Donald Trump declarou apoio a Bolsonaro nas eleições de 2026 durante evento da Nascar,Estadão,https://www.estadao.com.br/estadao-verifica/falso-donald-trump-apoio-jair-bolsonaro-corrida-florida/,Falso,2025-05-22 07:00:00,https://encrypted-tbn0.gstatic.com/images?q=tbn:ANd9GcQk1SwqVrFU7oDJRtikCwDFMnAsWjT_-w4djIyEZjvHL5HfBiic,"['Donald Trump', 'Jair Bolsonaro', 'Eleição', '2026', 'NASCAR']"
André Ventura venceu a eleição em Portugal e afirmou que vai proibir a entrada do presidente brasileiro Luiz Inácio Lula da Silva no país,Estadão,https://www.estadao.com.br/estadao-verifica/andre-ventura-vence-eleicao-portugal-vai-proibir-entrada-lula-enganoso/,Enganoso,2025-05-19 07:00:00,https://encrypted-tbn1.gstatic.com/images?q=tbn:ANd9GcSXqPrbIQBjPS9aFT9N0CZ2CnJoNMi74XVoe6VXku5-3rhhLX-b,"['André Ventura', 'Luiz Inácio Lula da Silva', 'Eleição', 'Presidente', 'Brasil', 'Portugal']"
"Chega, de André Ventura, venceu eleição em Portugal",Aosfatos.org,https://www.aosfatos.org/noticias/e-falso-que-partido-de-andre-ventura-venceu-eleicoes-em-portugal/,falso,2025-05-19 07:00:00,https://encrypted-tbn0.gstatic.com/images?q=tbn:ANd9GcQFSKEnTWpaIAKg7oYlHE63TFJsgjivwjDTCr0_4FMT0ju5FDHN,"['André Ventura', 'Chega!', 'Eleição', 'Portugal']"
Bolsonaro diz que se recusa estar inelegível e anuncia candidatura para Presidência em 2026,Estadão,https://www.estadao.com.br/estadao-verifica/bolsonaro-anuncia-candidatura-2026-falso/,Falso,2025-06-10 07:00:00,https://encrypted-tbn0.gstatic.com/images?q=tbn:ANd9GcQYMH4NcKeSff_9XRQU2o6BUF_0n5njkbG5MUz_C-vsGRqrUUTY,"['Jair Bolsonaro', 'Presidente do Brasil', 'Candidato', '2026']"
Esquerda tentou envenenar André Ventura em comício,Estadão,https://www.estadao.com.br/estadao-verifica/andre-ventura-portugal-passou-mal-beber-agua/,Enganoso,2025-05-15 07:00:00,https://encrypted-tbn3.gstatic.com/images?q=tbn:ANd9GcRiGQzlOB_ke40z2_rXuwSIhJv4z9RJq5mou9NBEI6w2KL9byeg,"['André Ventura', 'Eleição', 'Esquerda', 'Envenenamento']"
Donald Trump declarou apoio a Jair Bolsonaro em 2026,Aos Fatos,https://www.aosfatos.org/noticias/trump-nao-declarou-apoio-a-bolsonaro-nas-eleicoes-de-2026/,falso,2025-05-23 07:00:00,https://encrypted-tbn0.gstatic.com/images?q=tbn:ANd9GcTD60QNx7Xg2BnRgQmWqALjF9549PTee7UrAUZ9lo_7XGTqIeom,"['Jair Bolsonaro', 'Donald Trump', '2026']"
André Ventura vence em Portugal e afirma que vai proibir a entrada de Lula no país,UOL Notícias,https://noticias.uol.com.br/confere/ultimas-noticias/2025/05/21/partido-de-andre-ventura-nao-venceu-eleicoes-em-portugal-em-2025.htm,Falso,2025-05-21 07:00:00,https://encrypted-tbn0.gstatic.com/images?q=tbn:ANd9GcTmOVYq3pel4PzkXQCKuvyUw5zJpKwppgeIFeb_kDmaFbNvruxm,"['André Ventura', 'Portugal', 'Luiz Inácio Lula da Silva', 'País']"
André Ventura vence em Portugal e vai proibir a entrada de Lula no país,Checamos,https://checamos.afp.com/doc.afp.com.47LP8NP,Enganoso,2025-05-21 07:00:00,https://encrypted-tbn2.gstatic.com/images?q=tbn:ANd9GcSV4pADkhEb-toDEOepZ3ugWumkizq8OWp38Z6NXEpEnE4IK2kw,"['André Ventura', 'Luiz Inácio Lula da Silva', 'Portugal']"
"Quando acabaram as últimas eleições, a última agora, em 2022, o meu partido peticionou no TSE. No dia seguinte, o ministro presidente do TSE, Alexandre de Moraes, não aceitou, mandou arquivar e nos deu uma multa de 22 milhões. Alguém já viu algum advogado ser multado aí, por peticionar o poder judiciário?",Aosfatos.org,https://www.aosfatos.org/noticias/apos-se-tornar-reu-bolsonaro-mente-sobre-8-de-janeiro-e-eleicoes/,falso,2025-03-26 07:00:00,https://encrypted-tbn1.gstatic.com/images?q=tbn:ANd9GcSrH4Zyltx2R39Zh9dyV6KCPdZpUEBLprY0UnXIljW-G6OAe4NO,"['Eleição', 'Tribunal Superior Eleitoral', 'Ministro', 'Partido político', 'Presidente do Tribunal Superior Eleitoral do Brasil', '2022', 'Poder judiciário', 'Alexandre de Moraes']"
Bolsonaro confessou que só venceu eleições em 2018 porque Lula foi preso,Aos Fatos,https://www.aosfatos.org/noticias/bolsonaro-nao-confessou-venceu-eleicoes-2018-lula-foi-preso/,falso,2025-03-19 07:00:00,https://encrypted-tbn3.gstatic.com/images?q=tbn:ANd9GcRQa6PNpJ0IBGxtJrcTiCZjOLebdKBKYE9T9jUWpLNUujLNz8-X,"['Jair Bolsonaro', 'Luiz Inácio Lula da Silva', 'Eleição', 'Eleições presidenciais brasileiras, 2018', 'Prisão', '2018']"
TSE destruiu 200 mil urnas para apagar rastros de fraude e enterrar chances de autoria nas eleições,Estadão,https://www.estadao.com.br/estadao-verifica/tse-detona-200-mil-urnas-para-apagar-rastro-fraude-enganoso/,Enganoso,2025-03-12 07:00:00,https://encrypted-tbn3.gstatic.com/images?q=tbn:ANd9GcRL6dWo2X-Lk0houLLDXWQAvWSkSJUODpxb6ihgLnhRyjx2zC6j,"['Urna eleitoral', 'Tribunal Superior Eleitoral', 'Eleição', 'Fraude']"
"O caso Rubens Paiva (que só andava armado ) voltou a mídia através do laureado filme ""Ainda estou aqui"". Mas quem era esse personagem, cujo o filme retrata um mártir, um Tiradentes moderno que morreu pela nossa Liberdade. Nada mais falso. O deputado Rubens Paiva, eleito pelo MDB, na verdade era um militante do PCB (Partido Comunista Brasileiro)",UOL Notícias,https://noticias.uol.com.br/confere/ultimas-noticias/2025/03/10/falso-rubens-paiva-pcb-vpr-carlos-lamarca.htm,Falso,2025-03-10 07:00:00,https://encrypted-tbn0.gstatic.com/images?q=tbn:ANd9GcSLE4rpI9_4XCcmSgzQYp5p2jn3oR5m22HsIeNqSOKWWZ7hI1pC,"['Rubens Paiva', 'Partido Comunista Brasileiro', 'Brasil', 'Partido político', 'PMDB', 'Deputado', 'Eleição']"
Eu não pude mostrar imagens do Lula falando que um pobre coitado rouba celular para tomar cervejinha.,Aosfatos.org,https://www.aosfatos.org/noticias/apos-se-tornar-reu-bolsonaro-mente-sobre-8-de-janeiro-e-eleicoes/,não_é_bem_assim,2025-03-26 07:00:00,https://encrypted-tbn1.gstatic.com/images?q=tbn:ANd9GcSrH4Zyltx2R39Zh9dyV6KCPdZpUEBLprY0UnXIljW-G6OAe4NO,"['Luiz Inácio Lula da Silva', 'Telefone celular', 'Pobreza', 'Imagem', 'Poder']"
"Como é que ele chegou? 29 de julho de 21. (...) E dizendo que eu difundi fake news. Eu difundi o que tinha dentro do inquérito [1.361, de 2018]. Se é fake news, o inquérito é mentiroso.",Aosfatos.org,https://www.aosfatos.org/noticias/apos-se-tornar-reu-bolsonaro-mente-sobre-8-de-janeiro-e-eleicoes/,falso,2025-03-26 07:00:00,https://encrypted-tbn1.gstatic.com/images?q=tbn:ANd9GcSrH4Zyltx2R39Zh9dyV6KCPdZpUEBLprY0UnXIljW-G6OAe4NO,"['Fake', '2018', 'Notícia falsa', 'Julho', 'Mentira', '2021', 'Notícia']"
"O que que o Lula fez no final do ano passado? Teve aqui reunião do G20, [ele] assinou 37 memorandos e acordos com a China. Entre esses acordos, entregou o nosso urânio para a China.",Aosfatos.org,https://www.aosfatos.org/noticias/apos-se-tornar-reu-bolsonaro-mente-sobre-8-de-janeiro-e-eleicoes/,falso,2025-03-26 07:00:00,https://encrypted-tbn1.gstatic.com/images?q=tbn:ANd9GcSrH4Zyltx2R39Zh9dyV6KCPdZpUEBLprY0UnXIljW-G6OAe4NO,"['Luiz Inácio Lula da Silva', 'G20', 'Reunião', '19.ª reunião de cúpula do G20', 'Memorando', 'Urânio', 'China']"
Não encontraram nenhuma arma aqui [no 8 de janeiro],Aosfatos.org,https://www.aosfatos.org/noticias/apos-se-tornar-reu-bolsonaro-mente-sobre-8-de-janeiro-e-eleicoes/,falso,2025-03-26 07:00:00,https://encrypted-tbn1.gstatic.com/images?q=tbn:ANd9GcSrH4Zyltx2R39Zh9dyV6KCPdZpUEBLprY0UnXIljW-G6OAe4NO,"['Arma', 'Ataques de 8 de janeiro em Brasília', 'Janeiro']"
Eu montei um ministério técnico.,Aosfatos.org,https://www.aosfatos.org/noticias/apos-se-tornar-reu-bolsonaro-mente-sobre-8-de-janeiro-e-eleicoes/,falso,2025-03-26 07:00:00,https://encrypted-tbn1.gstatic.com/images?q=tbn:ANd9GcSrH4Zyltx2R39Zh9dyV6KCPdZpUEBLprY0UnXIljW-G6OAe4NO,['Ministério']
"O povo, em grande parte, teve arma, e diminuímos em quase 30% o número de mortes por arma de fogo no Brasil.",Aosfatos.org,https://www.aosfatos.org/noticias/apos-se-tornar-reu-bolsonaro-mente-sobre-8-de-janeiro-e-eleicoes/,não_é_bem_assim,2025-03-26 07:00:00,https://encrypted-tbn1.gstatic.com/images?q=tbn:ANd9GcSrH4Zyltx2R39Zh9dyV6KCPdZpUEBLprY0UnXIljW-G6OAe4NO,"['Número', 'Arma', 'Brasil', 'Morte', 'Arma de fogo', 'Fogo', '1930', 'O Povo']"
[Conclusão do inquérito do PSDB:] as urnas são inauditáveis. Não sou eu que disse isso.,Aosfatos.org,https://www.aosfatos.org/noticias/apos-se-tornar-reu-bolsonaro-mente-sobre-8-de-janeiro-e-eleicoes/,falso,2025-03-26 07:00:00,https://encrypted-tbn1.gstatic.com/images?q=tbn:ANd9GcSrH4Zyltx2R39Zh9dyV6KCPdZpUEBLprY0UnXIljW-G6OAe4NO,"['Urna eleitoral', 'Partido da Social Democracia Brasileira', 'PSDB', 'Inquérito policial']"
"Eu não interferi no TSE, o outro lado interferiu.",Aosfatos.org,https://www.aosfatos.org/noticias/apos-se-tornar-reu-bolsonaro-mente-sobre-8-de-janeiro-e-eleicoes/,falso,2025-03-26 07:00:00,https://encrypted-tbn1.gstatic.com/images?q=tbn:ANd9GcSrH4Zyltx2R39Zh9dyV6KCPdZpUEBLprY0UnXIljW-G6OAe4NO,['Tribunal Superior Eleitoral']
UE cria Escudo Democrático Europeu que permitirá a anulação de eleições,Checamos,https://checamos.afp.com/doc.afp.com.36YR42P,Falso,2025-02-28 08:00:00,https://encrypted-tbn2.gstatic.com/images?q=tbn:ANd9GcRBkQJEVZTMEeBj7Lx3Qu78oAQonm5lBTEDfLKbju_SVgrALPs4,"['Eleição', 'União Europeia', 'Democracia', 'Europa']"
Financial Times disse que Joe Biden fraudou eleições brasileiras de 2022,Aosfatos.org,https://www.aosfatos.org/noticias/financial-times-biden-eleicoes-brasileiras/,falso,2025-02-28 08:00:00,https://encrypted-tbn2.gstatic.com/images?q=tbn:ANd9GcRniG5Kd5Ujg0-1h1ZXHXzyuubB17ZzUtAGHoHVE6xoeW2mwbw7,"['Joe Biden', 'Eleição', 'Financial Times', 'Brasil', 'Eleições presidenciais brasileiras, 2022', '2022']"
Elon Musk postou no X provas de que eleições brasileiras foram fraudadas e que Jair Bolsonaro (PL) venceu as eleições de 2022,Aosfatos.org,https://www.aosfatos.org/noticias/falso-elon-musk-publicou-prova-vitoria-bolsonaro-2022/,falso,2025-02-19 08:00:00,https://encrypted-tbn3.gstatic.com/images?q=tbn:ANd9GcS8EcMXDkxGBrkAaSdB8fAPaoaiTDInVBLMCRFQmUJW2pia6HEG,"['Elon Musk', 'Jair Bolsonaro', 'Eleição', 'Brasil', 'Eleições presidenciais brasileiras, 2022', '2022', 'Partido Liberal']"
Breton sugere que as eleições na Alemanha serão anuladas se a AfD vencer,AFP Checamos,https://checamos.afp.com/doc.afp.com.36Y23E9,Enganoso,2025-02-17 08:00:00,https://encrypted-tbn1.gstatic.com/images?q=tbn:ANd9GcT2YRtEmnsi1KStwv3gpG-MmHyMeiG_H9k1CVmzNC__1SfTkhI9,"['Eleição', 'Eleições na Alemanha', 'Alemanha', 'Alternativa para a Alemanha']"
Eleitores de Bolsonaro aprovam o governo Lula,Checamos,https://checamos.afp.com/doc.afp.com.36XT7ZF,Enganoso,2025-02-14 08:00:00,https://encrypted-tbn0.gstatic.com/images?q=tbn:ANd9GcS8CFDTbp-CxmMw_GNDVcyxzgO7Wh32vFm4_4fF2l0SITuIvpLP,"['Jair Bolsonaro', 'Luiz Inácio Lula da Silva', 'Eleição']"
Agência Lupa estava envolvida em campanhas de financiamento da USAID contra a desinformação em período eleitoral com o objetivo de “calar tudo aquilo que eles não concordam”,Estadão,https://www.estadao.com.br/estadao-verifica/usaid-financiamento-agencia-lupa-eleicoes-2022-falso/,Falso,2025-02-14 08:00:00,https://encrypted-tbn2.gstatic.com/images?q=tbn:ANd9GcRV2zFPfnIDWnAwCc-QSvURheTQ-jC6yU7_Fjn8Rl3LkorM_XOL,"['Agência Lupa', 'Agência dos Estados Unidos para o Desenvolvimento Internacional', 'Financiamento', 'Desinformação', 'Eleição', 'Objetivo']"
"Fraude eleitoral: USAID pagou US$ 500 mil à empresa Smartmatic, que forneceu urnas eletrônicas ao Brasil em 2022",Estadão,https://www.estadao.com.br/estadao-verifica/usaid-500-mil-smartmatic-urnas-eleicoes-2022-falso/,Falso,2025-02-13 08:00:00,https://encrypted-tbn3.gstatic.com/images?q=tbn:ANd9GcS5PZZkDergL8ZdMm-22vO8kHxra8V_ATQioZJDelAHcDqp8kSq,"['Smartmatic', 'Agência dos Estados Unidos para o Desenvolvimento Internacional', 'Eleição', 'Brasil', 'Fraude eleitoral']"
"A Smartmatic, empresa acusada de fraude eleitoral que atuou nas eleições brasileiras de 2022, responsável pelas urnas eletrônicas e pela contagem dos votos, recebeu financiamento da USAID",Aosfatos.org,https://www.aosfatos.org/noticias/falso-smartmatic-eleicoes-2022-brasil-dinheiro-usaid/,falso,2025-02-07 08:00:00,https://encrypted-tbn1.gstatic.com/images?q=tbn:ANd9GcQwy3s3RLr_bzQLGt4v8VJAGs6TZ6YyG91hZAmalm_O-mGmDQSm,"['Smartmatic', 'Eleição', 'Agência dos Estados Unidos para o Desenvolvimento Internacional', 'Votação', 'Fraude eleitoral', '2022']"
"Lula disse: ""As pessoas têm que passar fome para aprender a lutar"", ""Pobre é imbecil, é ignorante"", ""O pobre é um número, às vezes bonito para se utilizar em campanha"" e ""Acabou as eleições, acabou o interesse pelo pobre""",BOL - UOL,https://www.bol.uol.com.br/noticias/2025/01/21/video-falas-lula-pobres-distorcido.amp.htm,Distorcido,2025-01-21 08:00:00,https://encrypted-tbn2.gstatic.com/images?q=tbn:ANd9GcRCyLKfhYjNIl-i3SB7A92sE4giOYz9nMemHMWo37W5bXyDzuu3,"['Luiz Inácio Lula da Silva', 'Pobreza', 'Eleição', 'Número', 'Fome', 'Interesse', 'Aprendizagem', 'Ignorância']"
"Ninguém se lembrou, mas…. Lula não pode morrer antes de 01 de janeiro de 2025, pois segundo a “antiga” constituição de 1988, se o presidente morre antes de completar 2 anos do seu governo é obrigatório convocar novas eleições.",Observador,https://observador.pt/factchecks/fact-check-imagem-de-lula-com-penso-a-envolver-a-cabeca-e-real/,Errado,2024-12-27 08:00:00,https://encrypted-tbn3.gstatic.com/images?q=tbn:ANd9GcSPoSTekUtgc_77fQoKLZVgRXrfRC2VlIfGvKU-4cRTmZlv5x96,"['Luiz Inácio Lula da Silva', 'Presidente', 'Eleição', 'Governo', 'Constituição brasileira de 1988', 'Janeiro', '2025', 'Morte', '1 de janeiro', 'Constituição']"
"Se me candidatasse, candidatar-me-ia como republicano. Eles são o grupo de eleitores mais estúpido do país. Acreditam em tudo o que aparece na Fox News. Podia mentir e eles continuariam a acreditar. Aposto que os meus números seriam ótimos.",Observador,https://observador.pt/factchecks/fact-check-trump-chamou-aos-republicanos-o-grupo-de-eleitores-mais-estupido/,Errado,2024-12-26 08:00:00,https://encrypted-tbn3.gstatic.com/images?q=tbn:ANd9GcSPoSTekUtgc_77fQoKLZVgRXrfRC2VlIfGvKU-4cRTmZlv5x96,"['Partido Republicano', 'Eleição', 'Fox News Channel', 'Candidato', 'Revista', 'Inteligência artificial', 'People', 'Número', 'Aposição']"
Se Lula morrer este ano haverá novas eleições,Aos Fatos,https://www.aosfatos.org/noticias/falso-novas-eleicoes-se-lula-morrer-2024/,falso,2024-12-17 08:00:00,https://encrypted-tbn1.gstatic.com/images?q=tbn:ANd9GcSXdeA9VxMke5S-LvtvLcdezz78tRxOwyN7tCG_uqXT1dZgt4tb,"['Luiz Inácio Lula da Silva', 'Eleição']"
Se o presidente morre antes de 2 anos de governo é obrigatório convocar novas eleições,Checamos,https://checamos.afp.com/doc.afp.com.36QK83R,Falso,2024-12-17 08:00:00,https://encrypted-tbn0.gstatic.com/images?q=tbn:ANd9GcRIq0TB2vClivVmBW_PCh0XwfVA31GxnVB322Iz1HdJE2Cj70SV,"['Eleição', 'Presidente', 'Morte', 'Governo']"
A televisão ABC acaba de transmitir os RESULTADOS das eleições de 2024 na TV ao vivo na ESPN durante a Fórmula 1. ABC e afiliadas mostraram a vitória de Kamala Harris na tela.,Observador,https://observador.pt/factchecks/fact-check-canal-norte-americano-divulgou-resultado-das-eleicoes-no-estado-da-pensilvania-antes-do-dia-das-eleicoes/,Enganador,2024-11-26 08:00:00,https://encrypted-tbn2.gstatic.com/images?q=tbn:ANd9GcT7EC9JTQvpT4eoev45ZD_q7vPnCJRIKFPX3WrtWSAo--cRMwwf,"['Eleição', 'Kamala Harris', 'Televisão', 'ESPN', 'Fórmula 1', '2024', 'Ao vivo']"
"Elon Musk utilizou a Starlink para manipular as nossas eleições, para que ele possa ter coisas boas enquanto inflige dor aos americanos. Vamos mesmo fechar os olhos e deixar os piores de nós governar o país.",Observador,https://observador.pt/factchecks/fact-check-elon-musk-utilizou-os-satelites-starlink-para-manipular-eleicoes-dos-eua/,Errado,2024-11-26 08:00:00,https://encrypted-tbn3.gstatic.com/images?q=tbn:ANd9GcSPoSTekUtgc_77fQoKLZVgRXrfRC2VlIfGvKU-4cRTmZlv5x96,"['Elon Musk', 'Eleição', 'Starlink', 'Estados Unidos', 'Dor', 'Governo']"
"""AGORA É OFICIAL!! Bolsonaro será candidato a presidente em 2026""",UOL Notícias,https://noticias.uol.com.br/confere/ultimas-noticias/2024/12/17/inelegibilidade-bolsonaro-revogada-falso.htm,Falso,2024-12-17 08:00:00,https://encrypted-tbn0.gstatic.com/images?q=tbn:ANd9GcQJmICZLkhmBcOz52Xpn4GeWX9WBjwHDgReZeWbHqF_6leblrn_,"['Jair Bolsonaro', 'Presidente', '2026', 'Oficial', 'Candidato']"
BOLSONARO TINHA RAZÃO. A fabricante de urnas eletrônicas dos Estados Unidos anunciou que mudou de opinião sobre a segurança eleitoral. Agora a empresa pede que o governo torne obrigatório que todas as máquinas emitam comprovante de voto em papel.,UOL Notícias,https://noticias.uol.com.br/confere/ultimas-noticias/2024/11/22/post-distorce-reportagem-sobre-urnas-dos-eua-sistema-do-brasil-e-diferente.htm,Distorcido,2024-11-22 08:00:00,https://encrypted-tbn0.gstatic.com/images?q=tbn:ANd9GcTOBiYC-1HtWIuhoTBgYIUJ9dMAdncDv_QPV_cdHADHKaxJQpv4,"['Urna eleitoral', 'Estados Unidos', 'Votação', 'Eleição', 'Urna eletrônica', 'Jair Bolsonaro', 'Negócios', 'Máquina', 'Papel']"
Agora é oficial: Bolsonaro será candidato para a Presidência em 2026,Estadão,https://www.estadao.com.br/estadao-verifica/bolsonaro-candidato-presidente-2026-falso/,Falso,2024-12-16 08:00:00,https://encrypted-tbn1.gstatic.com/images?q=tbn:ANd9GcSxv30wSCg6agISEx14rksG5iAymJLyMOHuoigEmbh9ADnViL2F,"['Jair Bolsonaro', 'Candidato', '2026', 'Presidente do Brasil', 'Oficial']"
"A um dia da eleição, Kamala Harris afirma que vai legalizar a maconha e que o aborto legal será sua prioridade no governo.",Estadão,https://www.estadao.com.br/estadao-verifica/kamala-aborto-maconha-enganoso/,Enganoso,2024-11-07 08:00:00,https://encrypted-tbn1.gstatic.com/images?q=tbn:ANd9GcToga8FXDFZLlKH3V5EWDjFqvtOGE1ZHhopJB27l7omQ6MyWKYN,"['Kamala Harris', 'Aborto', 'Eleição', 'Dia da eleição', 'Maconha', 'Legislação sobre o aborto', 'Dia']"
Guga Chacra chora ao vivo ao ver Donald Trump eleito novamente nos Estados Unidos,Checamos,https://checamos.afp.com/doc.afp.com.36LR6QC,Falso,2024-11-07 08:00:00,https://encrypted-tbn1.gstatic.com/images?q=tbn:ANd9GcQcUDPcwWTh_AyPd08D-f4g3LdJoq080XvAu20Uqnagrv2nnHZn,"['Donald Trump', 'Guga Chacra', 'Eleição', 'Estados Unidos', 'Choro']"
Guga Chacra chora ao vivo ao ver Donald Trump sendo eleito nos Estados Unidos,Estadão,https://www.estadao.com.br/estadao-verifica/guga-chacra-chora-eleicao-eua-trump-enganoso/,Enganoso,2024-11-06 08:00:00,https://encrypted-tbn2.gstatic.com/images?q=tbn:ANd9GcQsso81WFaoeAVyaZ0FNMSN-XB9ENqG5X5MfLk-YNejYOWOk0gt,"['Guga Chacra', 'Donald Trump', 'Eleição', 'Estados Unidos']"
"Donald Trump ao ser perguntado sobre Bolsonaro em comício: ""O que está prestes a ser preso no Brasil, nunca ouvi falar, não tenho envolvimento com corruptos""...",UOL Notícias,https://noticias.uol.com.br/confere/ultimas-noticias/2024/11/05/trump-bolsonaro-corrupto-comicio.htm,Falso,2024-11-05 08:00:00,https://encrypted-tbn1.gstatic.com/images?q=tbn:ANd9GcR--fsyMt_H5JAFoAZxLUmqnOznkZmu7jvTx3X4BBGCBunWf-mQ,"['Jair Bolsonaro', 'Donald Trump', 'Brasil', 'Eleição', 'Corrupção', 'Prisão']"
A ABC foi PEGA transmitindo os resultados das eleições mostrando que Kamala venceu o Estado da Pensilvânia,UOL Notícias,https://noticias.uol.com.br/confere/ultimas-noticias/2024/11/04/tv-da-pensilvania-fazia-testes-e-nao-antecipou-resultado-de-eleicao-nos-eua.htm,Distorcido,2024-11-04 08:00:00,https://encrypted-tbn0.gstatic.com/images?q=tbn:ANd9GcTKI7kH0IBUsNSNLl6y4WtowVUZ12Vb4Ec_isXiEBMYJ4zFzvTK,"['Eleição', 'Kamala Harris', 'Pensilvânia']"
Principal pesquisa eleitoral dos EUA mostra vitória de Trump,Aosfatos.org,https://www.aosfatos.org/noticias/print-site-de-apostas-nao-pesquisa-vantagem-trump-eua/,falso,2024-11-04 08:00:00,https://encrypted-tbn2.gstatic.com/images?q=tbn:ANd9GcRbSpckyed70BEpdFkxfHtfbZ6QhHv7bR1wDrpIVTi32IyyQrUP,"['Donald Trump', 'Eleição', 'Estados Unidos', 'Pesquisa']"
Mapas mostram onde esquerda venceu em eleições municipais desde 2004,Estadão,https://www.estadao.com.br/estadao-verifica/mapas-esquerda-eleicoes-municipais/,Enganoso,2024-11-04 08:00:00,https://encrypted-tbn0.gstatic.com/images?q=tbn:ANd9GcTYh7epsLgf_j3KB9DwHPx0VVcXqVqT3_JfvK0zD8dBWAb49D1X,"['Eleição', 'Esquerda', 'Eleições municipais no Brasil', '2004', 'Mapa']"
ABC mostrou resultado da eleição presidencial na Pensilvânia dias antes do pleito,Estadão,https://www.estadao.com.br/estadao-verifica/tv-na-pensilvania-nao-antecipou-resultado-das-eleicoes-dos-eua-post-mostra-teste-exibido-por-engano/,Enganoso,2024-11-01 07:00:00,https://encrypted-tbn3.gstatic.com/images?q=tbn:ANd9GcR39mBJ-dphCZwP8mVN5db4Yg6vRwI2J5QDRpaCe82WVWF2blZs,"['Eleição', 'Eleições presidenciais', 'Presidente', 'Resultado', 'Pensilvânia']"
Boulos questionou o resultado das eleições de SP,Aosfatos.org,https://www.aosfatos.org/noticias/posts-entrevista-boulos-para-alegar-questionou-resultado-eleicoes/,falso,2024-10-29 07:00:00,https://encrypted-tbn1.gstatic.com/images?q=tbn:ANd9GcQ7pXCQuLyGp6U5inVTvWZ6fY1sAQuOuWo5cutS7GPq93Tu1Pql,"['Guilherme Boulos', 'Eleição', 'Resultado', 'São Paulo']"
"Candidata à prefeitura de Imperatriz (MA), Mariana Carvalho (Republicanos) posta pesquisa eleitoral falsa",Estadão,https://www.estadao.com.br/estadao-verifica/imperatriz-mariana-carvalho-pesquisa-falsa/,Enganoso,2024-10-27 07:00:00,https://encrypted-tbn2.gstatic.com/images?q=tbn:ANd9GcSSzVfF6ivNAlmUy8pwPwCSa0_QtN9c_w3F3xREpiYn8A1fiNsG,"['Mariana Carvalho Silva', 'Candidato', 'Eleição', 'Imperatriz', 'Pesquisa', 'Prefeitura de Imperatriz', 'Republicanos', 'Maranhão']"
Silvio Almeida gravou vídeo pedindo votos para Boulos na eleição municipal de 2024,Aosfatos.org,https://www.aosfatos.org/noticias/video-nao-mostra-silvio-almeida-pedindo-voto-em-boulos-eleicoes-2024/,falso,2024-10-18 07:00:00,https://encrypted-tbn0.gstatic.com/images?q=tbn:ANd9GcQk-Uz6b5U5bqYETq3kqUWnlNFSgIlhwwfhV5WeODXfestt52_w,"['Guilherme Boulos', 'Silvio Luiz de Almeida', 'Eleição', 'Votação', 'Eleições municipais no Brasil em 2024', 'Vídeo', 'Eleição municipal', '2024']"
CONTINUAREMOS COM A QUIMIOTERAPIA. UM DIA ESSE CÂNCER DESAPARECE,UOL Notícias,https://noticias.uol.com.br/confere/ultimas-noticias/2024/11/06/post-distorce-mapas-e-omite-resultados-de-eleicoes-de-2022-no-brasil.htm,Distorcido,2024-11-06 08:00:00,https://encrypted-tbn3.gstatic.com/images?q=tbn:ANd9GcRTFZroAPy_9JjlYU363Oek8hRIxNA7GQ6bYNyX8gFuunJUqSdq,"['Quimioterapia', 'Câncer']"
Guilherme Boulos fica na inelegibilidade e cometeu crime eleitoral por ter votado com a família,Checamos,https://checamos.afp.com/doc.afp.com.36JR29U,Enganoso,2024-10-09 07:00:00,https://encrypted-tbn1.gstatic.com/images?q=tbn:ANd9GcQN2KG6A4FmcXWwqaj_jq8Ddepif7PlpOdz4bNVXid9uHco_9Xp,"['Guilherme Boulos', 'Inelegibilidade', 'Eleição', 'Fraude eleitoral']"
Alerta urgente no Brasil foi encontrado um túnel subterrâneo na mansão de Pablo Marçal após sua derrota nas eleições,Boatos.org,https://www.boatos.org/politica/tunel-foi-encontrado-na-casa-de-pablo-marcal.html,Falso,2024-10-09 07:00:00,,"['Pablo Marçal', 'Túnel', 'Mansão', 'Brasil', 'Eleição']"
"Após derrota de Boulos, SP tem várias invasões",Projeto Comprova,https://projetocomprova.com.br/publica%C3%A7%C3%B5es/ocupacoes-em-sao-paulo-nao-tiveram-relacao-com-resultado-das-eleicoes/,"Enganoso: Embora as ações tenham ocorrido no dia da votação, Boulos não tem relação com a Frente de Luta por Moradia.",2024-11-01 07:00:00,,"['Guilherme Boulos', 'São Paulo']"
PT elegeu apenas 46 prefeitos na eleição municipal de 2024,Aos Fatos,https://www.aosfatos.org/noticias/pt-elegeu-248-prefeitos-nao-46/,falso,2024-10-07 07:00:00,https://encrypted-tbn1.gstatic.com/images?q=tbn:ANd9GcQcalsqhjxXoFbqicTl_a-S_TL1L74T2Zb4BUbcMbf-AVwJVoZS,"['Partido dos Trabalhadores', 'Partido dos Trabalhadores', 'Eleição', 'Prefeito', 'Eleições municipais no Brasil em 2024', 'Eleição municipal', '2024']"
Não é possível recontagem de votos e a população não pode auditar as eleições,Aosfatos.org,https://www.aosfatos.org/noticias/falso-eleicoes-brasil-nao-sao-auditaveis-nem-permitem-recontagem/,falso,2024-10-07 07:00:00,https://encrypted-tbn2.gstatic.com/images?q=tbn:ANd9GcT6jL2sM71tbVhdlgGkOimrojJRFam8bDe__IYH3S-17jbO_p38,"['Eleição', 'Votação', 'Auditoria']"
"O sistema eleitoral brasileiro é uma fraude, que as urnas eletrônicas não são utilizadas em nenhum outro lugar do mundo e são programadas para favorecer candidatos",UOL Notícias,https://noticias.uol.com.br/comprova/ultimas-noticias/2024/10/06/video-de-2010-descredibilizando-urnas-sem-provas-volta-a-circular.htm,Enganoso,2024-10-06 07:00:00,https://encrypted-tbn3.gstatic.com/images?q=tbn:ANd9GcTHkbPpW5xTmouf5khjI7WesPHc9y-abg7uoKoQaYMpwEBS6Bkm,"['Urna eleitoral', 'Eleição', 'Urna eletrônica', 'Sistema eleitoral do Brasil', 'Candidato', 'Fraude', 'Mundo']"
Transporte irregular de urnas em Itacoatiara compromete eleições no Amazonas,Estadão,https://www.estadao.com.br/estadao-verifica/transporte-irregular-de-urnas-em-itacoatiara-am-nao-afetou-integridade-dos-aparelhos-de-votacao/,Enganoso,2024-10-05 07:00:00,https://encrypted-tbn3.gstatic.com/images?q=tbn:ANd9GcTY3KRlVkfCrF6ZvEx6YecQXHZyUS3wxtoC1AcGYFuPP-BC_kVR,"['Urna eleitoral', 'Eleição', 'Transporte', 'Amazonas', 'Itacoatiara']"
Diálogo mostra que Moraes conversou com engenheiro da Oracle para fraudar eleições,Aos Fatos,https://www.aosfatos.org/noticias/dialogo-falso-moraes-engenheiro-oracle-fraude-2022/,falso,2024-10-05 07:00:00,https://encrypted-tbn3.gstatic.com/images?q=tbn:ANd9GcQmDRmol2fOB0-SbltWYAD6ux6vyAVFnrngUOOiBAgUvxnHXjSn,"['Alexandre de Moraes', 'Fraude', 'Eleição', 'Diálogo', 'Oracle Corporation', 'Engenheiro']"
"Eles vão *fraudar* novamente as *eleições,* se preparem: *BOULOS será eleito em São Paulo.* A *fraude* estará na urna no *momento da sua votação.* A questão é: *não confundir CONFIRA* com *CONFIRMA.",Boatos.org,https://www.boatos.org/politica/vao-fraudar-eleicoes-para-boulos-ganhar-com-tecla-confira-seu-voto-nas-urnas.html,Falso,2024-10-02 07:00:00,,"['Guilherme Boulos', 'Eleição', 'Votação', 'Urna eleitoral', 'Fraude', 'Sé', 'São Paulo']"
Marçal teria exagerado a gravidade de sua condição após sofrer uma agressão em debate eleitoral,UOL Notícias,https://noticias.uol.com.br/comprova/ultimas-noticias/2024/09/25/entenda-o-e-a-pulseira-verde-dada-em-atendimento-hospitalar-a-marcal.htm,Comprovado,2024-09-25 07:00:00,https://encrypted-tbn0.gstatic.com/images?q=tbn:ANd9GcQETF6mJXTLooh3Q-POl2Cj2j5tQ_Kkp-KvF3JNLrIZskTjTPhu,"['Pablo Marçal', 'Eleição', 'Debate eleitoral', 'Agressão', 'Debate']"
"Elon Musk disse que Lula ""foi nomeado e não eleito"" nas eleições do Brasil",Observador,https://observador.pt/factchecks/fact-check-elon-musk-disse-que-lula-foi-nomeado-e-nao-eleito/,Errado,2024-09-23 07:00:00,https://encrypted-tbn3.gstatic.com/images?q=tbn:ANd9GcSPoSTekUtgc_77fQoKLZVgRXrfRC2VlIfGvKU-4cRTmZlv5x96,"['Elon Musk', 'Luiz Inácio Lula da Silva', 'Eleição', 'Eleições no Brasil', 'Brasil']"
"Boulos (PSol) teria ultrapassado Marçal (PRTB) na mesmo hora em que Dilma (PT) e Lula (PT) viraram contra seus adversários, o que indicaria fraude nas eleições",Metrópoles,https://www.metropoles.com/projeto-comprova/viradas-na-apuracao-das-urnas-nao-indicam-fraude-nas-eleicoes-entenda,Falso,2024-10-16 07:00:00,,"['Guilherme Boulos', 'Dilma Rousseff', 'Partido Socialismo e Liberdade', 'Partido dos Trabalhadores', 'Luiz Inácio Lula da Silva', 'Pablo Marçal', 'Partido Renovador Trabalhista Brasileiro']"
Votação nas eleições municipais de 2024 servirá como prova de vida para INSS,Checamos,https://checamos.afp.com/doc.afp.com.36GQ8EW,Enganoso,2024-09-20 07:00:00,https://encrypted-tbn0.gstatic.com/images?q=tbn:ANd9GcSg-fBUr6ebfa1SLbmz552u8PRc882yPSQaZKcdar_azpzPNN8f,"['Eleição', 'Votação', 'INSS', 'Instituto Nacional do Seguro Social', 'Eleições municipais no Brasil em 2024', '2024', 'Eleições municipais no Brasil']"
Mensagens entre Moraes e engenheiro da Oracle provam que houve fraude nas eleições de 2022,Aosfatos.org,https://www.aosfatos.org/noticias/falso-mensagens-moraes-engenheiro-oracle/,falso,2024-09-19 07:00:00,https://encrypted-tbn3.gstatic.com/images?q=tbn:ANd9GcTS4afV1hQFvut0HKpSxe7PwA65i_GgYXUODHPquUnWdj-gjd2R,"['Alexandre de Moraes', 'Eleição', 'Eleições presidenciais brasileiras, 2022', 'Mensagem', 'Oracle Corporation', '2022', 'Fraude']"
"Lula confessando em VÍDEO que só ganhou as eleições PORQUE O POVO NORDESTINO É ANALFABETO ""eu só ganhei as eleições dele porque o povo nordestino é analfabeto"".",Boatos.org,https://www.boatos.org/politica/lula-disse-que-ganhou-as-eleicoes-porque-povo-nordestino-e-analfabeto.html,Falso,2024-09-18 07:00:00,https://encrypted-tbn1.gstatic.com/images?q=tbn:ANd9GcTiLkPPKBBPo3cQidfvL3ZpbVSBRLS_rWx-zE_4cCr1FbZzLdNO,"['Luiz Inácio Lula da Silva', 'Eleição', 'O Povo', 'Vídeo']"
Justiça Eleitoral publicou nas redes que voto servirá como prova de vida junto ao INSS.,Estadão,https://www.estadao.com.br/estadao-verifica/voto-eleicoes-prova-de-vida-inss/,Falso,2024-09-18 07:00:00,https://encrypted-tbn3.gstatic.com/images?q=tbn:ANd9GcR8k6-JmInrfVhjs4lwPbtpdRQ75VfaBEjpcFYJzEaULceKfVVj,"['Instituto Nacional do Seguro Social', 'Eleição', 'Votação', 'INSS', 'Justiça Eleitoral do Brasil', 'Tribunal Superior Eleitoral', 'Rede de computadores']"
Só o Brasil usa urnas eletrônicas,Estadão,https://www.estadao.com.br/estadao-verifica/apenas-brasil-urna-eletronica-falso/,Falso,2024-10-08 07:00:00,https://encrypted-tbn2.gstatic.com/images?q=tbn:ANd9GcQBq5bRLsBSbQbN7XekxSQCvE7lPwuSsrhyYOdDXcj3cD3dcwuv,"['Urna eleitoral', 'Urna eletrônica', 'Brasil']"
"""A pedofilia será legalizada nos Estados Unidos se Kamala Harris vencer as eleições. Seu companheiro de chapa, Tim Walz, manifestou apoio à pedofilia e sua descriminalização""",Observador,https://observador.pt/factchecks/fact-check-kamala-harris-prometeu-a-descriminalizacao-da-pedofilia-caso-seja-eleita-presidente-dos-eua/,Errado,2024-08-27 07:00:00,https://encrypted-tbn3.gstatic.com/images?q=tbn:ANd9GcSPoSTekUtgc_77fQoKLZVgRXrfRC2VlIfGvKU-4cRTmZlv5x96,"['Kamala Harris', 'Pedofilia', 'Estados Unidos', 'Eleição', 'Tim Walz']"
Conversa entre Alexandre de Moraes e engenheiro da Oracle confirma que houve fraude nas urnas,Estadão,https://www.estadao.com.br/estadao-verifica/alexandre-moraes-engenheiro-oracle-urnas-eletronicas/,Falso,2024-09-20 07:00:00,https://encrypted-tbn1.gstatic.com/images?q=tbn:ANd9GcQ-aDcSOpZ2-F_Y5ABkZ5WelvmgA1XvhL37a5nX9cT78XtlIt9m,"['Alexandre de Moraes', 'Fraude nas urnas eletrônicas', 'Urna eleitoral', 'Fraude', 'Oracle Corporation']"
Tabela com logs das urnas mostra em quem os eleitores votaram,Checamos,https://checamos.afp.com/doc.afp.com.36ER9Y3,Falso,2024-08-26 07:00:00,https://encrypted-tbn0.gstatic.com/images?q=tbn:ANd9GcQQrbW-uZbmva_l2NmKfzQJTD_zZBsWaa2xPIQRa3rZUXfhn30E,"['Urna eleitoral', 'Eleição']"
Elon Musk diz que Lula foi nomeado e não eleito.,Estadão,https://www.estadao.com.br/estadao-verifica/musk-lula-nomeado-eleito-falso/,Falso,2024-08-23 07:00:00,https://encrypted-tbn2.gstatic.com/images?q=tbn:ANd9GcTgZuA1YGBWegyIQs2KzYWO7Vzm53GTZ1FrW65KZ_JMxLi4ACpX,"['Luiz Inácio Lula da Silva', 'Elon Musk', 'Eleição']"
"Em Springfield, eles [imigrantes] estão comendo cachorros, as pessoas que vieram, eles estão comendo gatos. Eles estão comendo os pets das pessoas que vivem ali. E isso é o que está acontecendo no nosso país",Aos Fatos,https://www.aosfatos.org/noticias/desinformacao-eleicoes-2022-brasil-ressurge-discurso-trump/,falso,2024-09-16 07:00:00,https://encrypted-tbn2.gstatic.com/images?q=tbn:ANd9GcTUUzf_PQCSc8cYDwUi6yfhQwvHjSufx7aU0SO3bbL-zfRr_gsN,"['País', 'Cachorro', 'Animal de estimação', 'Gato']"
O vice-presidente dela [Tim Walz] diz que aborto no nono mês é absolutamente normal. Ele também diz que a execução depois do nascimento é ok,Aos Fatos,https://www.aosfatos.org/noticias/desinformacao-eleicoes-2022-brasil-ressurge-discurso-trump/,falso,2024-09-16 07:00:00,https://encrypted-tbn2.gstatic.com/images?q=tbn:ANd9GcTUUzf_PQCSc8cYDwUi6yfhQwvHjSufx7aU0SO3bbL-zfRr_gsN,"['Presidente', 'Vice-presidente', 'Aborto', 'Tim Walz', 'Mês', 'Setembro', 'Nascimento']"
Parece que Kamala Harris estava sendo treinada usando fones de ouvido embutidos em seus brincos durante o debate presidencial da ABC contra o presidente Trump,Aos Fatos,https://www.aosfatos.org/noticias/desinformacao-eleicoes-2022-brasil-ressurge-discurso-trump/,falso,2024-09-16 07:00:00,https://encrypted-tbn2.gstatic.com/images?q=tbn:ANd9GcTUUzf_PQCSc8cYDwUi6yfhQwvHjSufx7aU0SO3bbL-zfRr_gsN,"['Donald Trump', 'Kamala Harris', 'Presidente', 'Debate', 'Fone de ouvido', 'Orelha', 'Brinco', 'Debate eleitoral']"
"""Lula confessa que gastou 60 bilhões de dólares na COMPRA de VOTOS para vencer as eleições de 2022""",Observador,https://observador.pt/factchecks/fact-check-lula-confessa-que-gastou-60-mil-milhoes-de-dolares-a-comprar-votos/,Errado,2024-08-23 07:00:00,https://encrypted-tbn3.gstatic.com/images?q=tbn:ANd9GcSPoSTekUtgc_77fQoKLZVgRXrfRC2VlIfGvKU-4cRTmZlv5x96,"['Luiz Inácio Lula da Silva', 'Votação', 'Compra e venda de votos', 'Eleição', 'Eleições presidenciais brasileiras, 2022', '2022', 'Um bilhão']"
Agressão policial na Venezuela após resultado das eleições de 2024,Checamos,https://checamos.afp.com/doc.afp.com.36E86PV,Falso,2024-08-13 07:00:00,https://encrypted-tbn2.gstatic.com/images?q=tbn:ANd9GcQ-JOkGwRPlr9WXt_OMjJtU94QQxBE7dQANuldkb4mSIop1nlux,"['Violência policial', 'Venezuela', 'Polícia', 'Eleição', '2024']"
Mortos votaram na eleição de 2022 e site revela votos,Projeto Comprova,https://projetocomprova.com.br/publica%C3%A7%C3%B5es/video-mostra-site-falso-para-alegar-que-mortos-teriam-votado-nas-eleicoes-de-2022/,Falso: É falso que votos de eleitores falecidos tenham sido registrados em favor de Lula em 2022. É impossível consultar o voto de qualquer eleitor.,2024-08-06 07:00:00,,"['Eleição', 'Votação', '2022', 'Morte', 'Eleições presidenciais brasileiras, 2022']"
Lula confessou que gastou US$ 60 bilhões para comprar votos e vencer as eleições,Aosfatos.org,https://www.aosfatos.org/noticias/falso-lula-confessou-60-bilhoes-compra-de-votos/,falso,2024-08-05 07:00:00,https://encrypted-tbn0.gstatic.com/images?q=tbn:ANd9GcTa-5EWKOpYehYw-SR6PCu0ErEf4zY8-BqA6vTaUAd-OzZraXiF,"['Luiz Inácio Lula da Silva', 'Eleição', 'Votação', 'Estados Unidos']"
Lula disse que comprou votos para vencer as eleições de 2022,Estadão,https://www.estadao.com.br/estadao-verifica/lula-conta-como-comprou-todos-eleicao-2022/,Enganoso,2024-08-05 07:00:00,https://encrypted-tbn0.gstatic.com/images?q=tbn:ANd9GcTFrR-pMmEKflhG4e77ng6ofrmUvX8Iwf1aMcMJsN_aFdOZYJBL,"['Luiz Inácio Lula da Silva', 'Eleição', 'Votação', '2022', 'Eleições presidenciais brasileiras, 2022']"
Lula confessou em vídeo ter gasto 60 bilhões de dólares pra ganhar eleição ! Disse que era última chance. Bom a prova que houve fraude suborno e assassinos. O juiz q morreu e alteraram a lei entre outros ...,Boatos.org,https://www.boatos.org/politica/lula-confessou-que-gastou-us-60-bilhoes-r-300-milhoes-para-ganhar-eleicoes.html,Falso,2024-08-04 07:00:00,,"['Luiz Inácio Lula da Silva', 'Eleição', 'Dólar americano', 'Juiz', 'Fraude', 'Vídeo', 'Suborno', 'Lei', 'Morte']"
Tecnólogo desafia o sistema e revela com detalhes como as urnas foram fraudadas. Ele expõe com detalhes o caminho dos votos roubados de Bolsonaro,Estadão,https://www.estadao.com.br/estadao-verifica/nulos-brancos-transferidos-lula-2022-falso/,Falso,2024-08-27 07:00:00,https://encrypted-tbn2.gstatic.com/images?q=tbn:ANd9GcQUk6ZM4Gc6aaiiHDnMf14cspw8ao-iCxAWC4qAEKzwhoj97EkS,"['Votação', 'Urna eleitoral', 'Jair Bolsonaro', 'Sistema', 'Roubo']"
Gravação mostra tortura de pessoas presas em protestos contra a declação da vitória de Nicolás Maduro pelo CNE (Conselho Nacional Eleitoral),Aosfatos.org,https://www.aosfatos.org/noticias/tortura-venezuela-filme-netflix/,falso,2024-08-02 07:00:00,https://encrypted-tbn3.gstatic.com/images?q=tbn:ANd9GcTEjujTUGA_BRsbWPNyFbVtZffEWoAaLWP00iznQSt4hVp79gOQ,"['Tortura', 'Nicolás Maduro', 'Conselho Nacional Eleitoral', 'Eleição', 'Gravação', 'Protesto']"
Venezuelanos orando nas ruas contra a vitória de Nicolás Maduro na eleição presidencial,Aosfatos.org,https://www.aosfatos.org/noticias/falso-video-venezuelanos-orando-contra-maduro/,falso,2024-07-31 07:00:00,https://encrypted-tbn3.gstatic.com/images?q=tbn:ANd9GcROk_AyKzwtGopOiAAZlpLv9BB2ev1-xgK7UAq6rVC9OMJ1McjK,"['Nicolás Maduro', 'Venezuela', 'Eleição', 'Presidente', 'Rua', 'Oração', 'Eleições presidenciais']"
Resultados anunciados pelo conselho eleitoral da Venezuela somam 132%,Checamos,https://checamos.afp.com/doc.afp.com.367E2Z2,Falso,2024-07-30 07:00:00,https://encrypted-tbn0.gstatic.com/images?q=tbn:ANd9GcTXqn0JOKpUKZ6uX7wkzQX2r6L6jkKCu1L1GvB_7yUGq3R1a_HS,"['Eleição', 'Venezuela', 'Conselho Nacional Eleitoral']"
Lula gastou 300 bilhões para se eleger,Projeto Comprova,https://projetocomprova.com.br/publica%C3%A7%C3%B5es/e-enganoso-video-que-sugere-que-lula-admitiu-gastar-r-300-bilhoes-para-se-eleger/,"Enganoso: Na entrevista em que menciona esse valor, Lula se referia a Bolsonaro e não a si mesmo. A campanha de Bolsonaro gastou R$ 89 milhões e a de Lula R$ 131 milhões.",2024-08-08 07:00:00,,['Luiz Inácio Lula da Silva']
Vídeo mostra homens de Maduro roubando urnas,Estadão,https://www.estadao.com.br/estadao-verifica/homens-encapuzados-roubam-urnas-enganoso/,Falso,2024-07-31 07:00:00,https://encrypted-tbn0.gstatic.com/images?q=tbn:ANd9GcTpJj0bCkbwlFBxmQrBDnVYYtMmyTxLGKyelNS0bFgNZy2GKaHL,"['Urna eleitoral', 'Nicolás Maduro', 'Vídeo', 'Homem']"
Lula diz que pobres só são úteis durante as eleições e que não é preciso cuidar deles,Aosfatos.org,https://www.aosfatos.org/noticias/falso-lula-disse-pobre-util-eleicoes/,falso,2024-06-24 07:00:00,https://encrypted-tbn0.gstatic.com/images?q=tbn:ANd9GcS5akqLmowxgPHA8kvDmyyu4hqGmRAGl_PYevFgfZFZY3XNAsXc,"['Luiz Inácio Lula da Silva', 'Eleição', 'Pobreza']"
Mulher é agredida por não ter votado na vereadora do PT Edilene Pezão,AFP Checamos,https://checamos.afp.com/doc.afp.com.34WQ2GU,Falso,2024-06-14 07:00:00,https://encrypted-tbn1.gstatic.com/images?q=tbn:ANd9GcQRYEx3uEO6ZtQy27V69MTzrt-PTRA7jDOMg8BXPXKvC72-Ayl5,"['Vereador', 'Eleição', 'Partido dos Trabalhadores', 'Partido dos Trabalhadores', 'Mulher']"
"""O TRIBUNAL ELEITORAL REJEITOU O PROCESSO DE INEGILIBIDADE DO BOLSONARO! BOLSONARO DE VOLTA EM 2026!""",UOL Notícias,https://noticias.uol.com.br/confere/ultimas-noticias/2024/05/27/e-falso-que-tse-tenha-tornado-jair-bolsonaro-elegivel-para-2026.htm,Falso,2024-05-27 07:00:00,https://encrypted-tbn1.gstatic.com/images?q=tbn:ANd9GcRPOJFmlk7jz4fjRXHyEBFLzPDscBfNRD7DSswYVBgOrJTPDWXR,"['Jair Bolsonaro', 'Tribunal Superior Eleitoral', 'Eleição', 'Processo judicial', 'Tribunal']"
"Soube que o partido muçulmano venceu as eleições em Bradford, no Reino Unido, simplesmente porque são maioria. Estes são os resultados da substituição populacional.A profecia de Kadafi está a tomar forma. Tomar Europa sem disparar um único tiro... Dá que pensar.",Observador,https://observador.pt/factchecks/fact-check-partido-muculmano-venceu-as-eleicoes-regionais-em-bradford-no-reino-unido/,Errado,2024-05-23 07:00:00,https://encrypted-tbn3.gstatic.com/images?q=tbn:ANd9GcSPoSTekUtgc_77fQoKLZVgRXrfRC2VlIfGvKU-4cRTmZlv5x96,"['Eleição', 'Partido político', 'Bradford', 'Reino Unido', 'Muammar Gaddafi', 'Profecia', 'Tomar', 'Europa']"
Elon Musk entrega documentos à autoridades dos EUA evidenciando interferência de Alexandre de Mores nas eleições de 2022.,Boatos.org,https://www.boatos.org/politica/elon-musk-entregou-documentos-a-autoridades-dos-eua-que-incriminam-alexandre-de-moraes.html,Falso,2024-04-11 07:00:00,,"['Alexandre de Moraes', 'Elon Musk', 'Documento', 'Estados Unidos', 'Eleição', '2022', 'Eleições presidenciais brasileiras, 2022']"
Elon Musk divulgou conversas de Moraes que mostram que eleições no Brasil foram uma farsa,Aosfatos.org,https://www.aosfatos.org/noticias/falso-elon-musk-revelou-conversas-alexandre-de-moraes-eleicoes-farsa/,falso,2024-04-09 07:00:00,https://encrypted-tbn2.gstatic.com/images?q=tbn:ANd9GcQNqVrQJRW7hdEIgiyc7RMpZ6N_cGqf84B_QbiK9WFf6U9acKVc,"['Elon Musk', 'Alexandre de Moraes', 'Eleição', 'Brasil', 'Eleições no Brasil', 'Embuste']"
Presidente eleito de Portugal tira sarro da petezada fazendo a dancinha da picanha,AFP Checamos,https://checamos.afp.com/doc.afp.com.34LU2MG,Falso,2024-03-19 07:00:00,https://encrypted-tbn3.gstatic.com/images?q=tbn:ANd9GcSNgRAMZQoignfq5AraLOXL16hZ7DKtD1gxhAKx8SN0IQ_0qu7u,"['Eleição', 'Presidente', 'presidente eleito', 'Portugal']"
Presidente eleito de Portugal fez ‘dancinha da picanha’,Aos Fatos,https://www.aosfatos.org/noticias/dancinha-da-picanha-deputado-extrema-direita-portugal/,falso,2024-03-14 07:00:00,https://encrypted-tbn2.gstatic.com/images?q=tbn:ANd9GcSbjDjkSpf3W3emw9TWHEBxumXP84hPqgf8YX_GIpRHkgFkSxVv,"['Presidente', 'Eleição', 'presidente eleito', 'Portugal']"
Presidente de Portugal eleito no domingo disse que Lula não entra em Portugal,Aosfatos.org,https://www.aosfatos.org/noticias/deputado-extrema-direita-presidente-portugal-proibir-entrada-lula/,falso,2024-03-13 07:00:00,https://encrypted-tbn0.gstatic.com/images?q=tbn:ANd9GcQ9Mvl4hZ_bWLFSIDUlC7mxmivKmUDeWxKgnNXFEP45T63Y5WH3,"['Luiz Inácio Lula da Silva', 'Presidente da República de Portugal', 'Presidente', 'Eleição', 'Portugal']"
"Viram o que aconteceu hoje com aquele candidato de Portugal aliado de Bolsonaro que disse que se caso ganhasse Lula não entraria em Portugal? Pois é, ele ganhou",UOL Notícias,https://noticias.uol.com.br/confere/ultimas-noticias/2024/03/13/extrema-direita-nao-venceu-as-eleicoes-em-portugal-ficou-em-3.htm,Falso,2024-03-13 07:00:00,https://encrypted-tbn2.gstatic.com/images?q=tbn:ANd9GcSzKEBZ-YSQNp6r0xhgIylvgPfVssliaoHFqwoY6VpobjJZDskY,"['Portugal', 'Jair Bolsonaro', 'Luiz Inácio Lula da Silva', 'Candidato']"
Ministro de Lula deixou escapar: eleito com 39%?,UOL Notícias,https://noticias.uol.com.br/confere/ultimas-noticias/2024/02/16/ministro-de-lula-se-referia-ao-total-de-eleitores-fala-nao-indica-fraude.htm,Distorcido,2024-02-16 08:00:00,https://encrypted-tbn2.gstatic.com/images?q=tbn:ANd9GcQAEI8-hMU7l8CrwX7GsoGFVzvYnoj4o4tBHi8NlgTAECmDfyai,"['Luiz Inácio Lula da Silva', 'Eleição', 'Ministro']"
"O PCP defende saída de Portugal do Euro e da União Europeia? ""O senhor deputado André Ventura vai ter de ler melhor o nosso programa eleitoral para tirar as conclusões.""",Observador,https://observador.pt/factchecks/fact-check-pcp-defende-saida-do-euro-e-da-uniao-europeia/,Inconclusivo,2024-02-10 08:00:00,https://encrypted-tbn2.gstatic.com/images?q=tbn:ANd9GcTOZTy-5T_NG-YF6cirt1_co7gO38gYwv1P_tEmuJdN6GwVnKqx,"['Partido Comunista Português', 'União Europeia', 'André Ventura', 'Europa', 'Portugal', 'Eleição', 'Deputado']"
Taylor Swift disse que Trump venceu as eleições de 2020 e que partido republicano trapaceou,Notícias - UOL,https://noticias.uol.com.br/confere/ultimas-noticias/2024/02/06/taylor-swift-nao-fez-manifestacao-a-favor-de-trump-e-contra-biden-no-grammy.htm,Falso,2024-02-06 08:00:00,https://encrypted-tbn0.gstatic.com/images?q=tbn:ANd9GcQw71CbGsNdkLta-Dpv-baw1lmPu3MXJ1QCR9iK3cTGqkDHLhdJ,"['Taylor Swift', 'Donald Trump', 'Partido Republicano', '2020', 'Eleição', 'Partido político']"
Klaus Schwab diz que a IA vai substituir os processos eleitorais,AFP Checamos,https://checamos.afp.com/doc.afp.com.34HJ364,Sem Contexto,2024-02-02 08:00:00,https://encrypted-tbn2.gstatic.com/images?q=tbn:ANd9GcTD3FrTwXzxmbFAngVZwpr2Pu-ZSQvFcr3ZmB2uyDBuX7gEIDWR,"['Klaus Schwab', 'Inteligência artificial', 'Eleição']"
Banner das eleições de 2022 mostra que Zema sempre apoiou Lula,Aos Fatos,https://www.aosfatos.org/noticias/posts-banner-avante-zema-lula/,não_é_bem_assim,2024-01-09 08:00:00,https://encrypted-tbn3.gstatic.com/images?q=tbn:ANd9GcR0i8MHc_v6BLtMVOUXxtAMD5MElkhiZM3FCFqL8A29jOO2OeHY,"['Romeu Zema', 'Luiz Inácio Lula da Silva', 'Eleição', 'Eleições presidenciais brasileiras, 2022', '2022']"
"Netanyahu foi eleito ""assassino do ano"" pela revista Time.",Observador,https://observador.pt/factchecks/fact-check-netanyahu-eleito-assassino-do-ano-pela-revista-time/,Errado,2024-01-03 08:00:00,https://encrypted-tbn3.gstatic.com/images?q=tbn:ANd9GcSPoSTekUtgc_77fQoKLZVgRXrfRC2VlIfGvKU-4cRTmZlv5x96,"['Benjamin Netanyahu', 'Revista', 'Eleição', 'Ano']"
Maduro está pronto para invadir a Guiana. Ele ainda debochou do sistema eleitoral brasileiro,UOL Notícias,https://noticias.uol.com.br/confere/ultimas-noticias/2023/12/07/maduro-nao-debochou-de-urnas-eletronicas-usadas-no-brasil.htm,Falso,2023-12-07 08:00:00,https://encrypted-tbn3.gstatic.com/images?q=tbn:ANd9GcRdC02Rm65h1EMmdOjCYWtjVnP0H_bz0IaOpW0hw96ftlzyabmY,"['Nicolás Maduro', 'Eleição', 'Sistema eleitoral do Brasil', 'Guiana']"
"Vídeo com trecho de diálogo entre os ministros do Tribunal Superior Eleitoral Alexandre de Moraes e Raul Araújo Filho, durante um julgamento na Corte. O conteúdo traz uma frase em que Moraes cita entender “que houve fraude”. Neste momento, uma locução sobrepõe a fala de Moraes: “ele assume que teve fraude”. O vídeo contém ainda as seguintes frases: “Olha aí a casa ‘caído’. Julgamento no caso das eleições”, dando a entender que Alexandre de Moraes estivesse fazendo alusão a uma suposta fraude nas urnas eletrônicas.",Folha - UOL,https://www1.folha.uol.com.br/poder/2023/11/video-engana-ao-sugerir-que-alexandre-de-moraes-admitiu-fraude-nas-eleicoes.shtml,Enganoso,2023-11-28 08:00:00,https://encrypted-tbn1.gstatic.com/images?q=tbn:ANd9GcTkIBCQWPEbTDPaGMbgeNapVjitXU-9mtjVZOxZ9ssIeRn-r-jb,"['Alexandre de Moraes', 'Fraude', 'Eleição', 'Tribunal Superior Eleitoral', 'Ministro', 'Raul Araújo']"
Alexandre de Moraes assume que teve fraude nas eleições presidenciais de 2022,UOL Notícias,https://noticias.uol.com.br/comprova/ultimas-noticias/2023/11/23/video-engana-ao-sugerir-que-moraes-admitiu-fraude-nas-eleicoes.htm,Enganoso,2023-11-23 08:00:00,https://encrypted-tbn0.gstatic.com/images?q=tbn:ANd9GcSQ17vL6JBIEcJzlKqsrXPleJu9Joj4VAfSi2Gfslf911wmH6fR,"['Alexandre de Moraes', 'Fraude', 'Eleição', 'Presidente', 'Eleições presidenciais brasileiras, 2022', 'Eleições presidenciais', '2022']"
Lula disse que só ganhou as eleições porque os nordestinos são analfabetos,Aosfatos.org,https://www.aosfatos.org/noticias/lula-eleicoes-nordestinos-analfabetos/,falso,2023-11-21 08:00:00,https://encrypted-tbn3.gstatic.com/images?q=tbn:ANd9GcRJYXjUbXxdo7Ajp7an7XWFV5hW60ly4HhlFI9Y5JECLIyNOxP5,"['Luiz Inácio Lula da Silva', 'Eleição']"
"Na Dinamarca, pessoas recebem ajuda social são impedidas de votar",Estadão,https://www.estadao.com.br/estadao-verifica/quem-recebe-assistencia-social-na-dinamarca-pode-sim-votar-nas-eleicoes/,Enganoso,2023-12-05 08:00:00,https://encrypted-tbn0.gstatic.com/images?q=tbn:ANd9GcS1kXI-AuUgQ5YbkJxl6o7UHR1Hr4_QUAVB_ST-aG_wCH3PxIYE,"['Votação', 'Dinamarca']"
Terminal do mesário mostra votos de eleitores,UOL Notícias,https://noticias.uol.com.br/comprova/ultimas-noticias/2023/11/10/terminal-do-mesario-nao-mostra-votos-de-eleitores-tse-esclareceu-o-boato.htm,Falso,2023-11-10 08:00:00,https://encrypted-tbn1.gstatic.com/images?q=tbn:ANd9GcTEL0C4HUd3JI29OZRxbZgLWkThv3T8YZf-jDeszy6_h1UGDtkC,"['Mesário', 'Terminal do mesário', 'Votação', 'Eleição']"
Jornal noticia que Javier Milei ganhou as eleições e é o novo presidente da Argentina,Estadão,https://www.estadao.com.br/estadao-verifica/javier-milei-eleito-presidente-primeiro-turno/,Enganoso,2023-10-26 07:00:00,https://encrypted-tbn3.gstatic.com/images?q=tbn:ANd9GcQEGiTe1EEFJt0yiSwJ4ZRgz5G6Islvl-yZpshc1NpQ_wRel0e8,"['Javier Milei', 'Eleição', 'Argentina', 'Presidente', 'Notícia', 'Presidente da Argentina', 'Jornal']"
PL vai pedir anulação das eleições de 2022,AFP Checamos,https://checamos.afp.com/doc.afp.com.33YA27K,Sem contexto,2023-10-17 07:00:00,https://encrypted-tbn1.gstatic.com/images?q=tbn:ANd9GcTvqSEnjbuxpUCfVDBQffAsVjsFspJ7br6F2lFxwEc_ntrIgTCe,"['Partido Liberal', 'Eleição', '2022', 'Eleições presidenciais brasileiras, 2022']"
"EI VOCÊS CRENTES, ELEITOR DO LULA. OLHA AÍ QUEM PARABENIZOU A VITÓRIA DO LULA DEPOIS DA ELEIÇÃO DE 2022. LÍDER DO HAMAS. QUE ATACOU A TERRA DE JESUS CRISTO. Tá aí a ratazana com o chefe do Hamas!!!!",Boatos.org,https://www.boatos.org/politica/homem-que-aperta-a-mao-de-lula-em-foto-nao-e-o-lider-do-hamas.html,Falso,2023-10-13 07:00:00,,"['Luiz Inácio Lula da Silva', 'Hamas', 'Eleições presidenciais brasileiras, 2022', '2022', 'Eleição', 'Eleitor', 'Terra']"
"Publicação com a legenda “PT fazendo trambique nas eleições do Conselho Tutelar”. No vídeo, um homem critica o cancelamento das eleições para o Conselho Tutelar de Diadema e menciona o PT, partido do prefeito da cidade, e afirma que ocorreram irregularidades em outros municípios da região.",Folha - UOL,https://www1.folha.uol.com.br/cotidiano/2023/10/eleicao-para-conselheiros-tutelares-em-diadema-foi-interrompida-por-problemas-nas-urnas.shtml,Enganoso,2023-10-06 07:00:00,https://encrypted-tbn3.gstatic.com/images?q=tbn:ANd9GcT95hC2PUbHpVwWvc_RCpCsAZ6f6rcsq_GeE4b3M1Q6iHRe7iJD,"['Eleição', 'Diadema', 'Prefeito', 'Partido político', 'Português', 'Vídeo']"
Ministro pediu anulação de eleições para conselhos tutelares porque “a direita venceu”,Estadão,https://www.estadao.com.br/estadao-verifica/ministro-direitos-humanos-anulacao-eleicoes-conselhos-tutelares/,Enganoso,2023-10-05 07:00:00,https://encrypted-tbn1.gstatic.com/images?q=tbn:ANd9GcSE5CWDSpy6AMAULFTEzCucNOLII0UlSHIH3tPpjhfQ5VDhPDlO,"['Conselho Tutelar', 'Eleição', 'Ministro', 'Direita']"
Governo quer anular parte da eleição para conselhos tutelares pois a direita venceu,Projeto Comprova,https://projetocomprova.com.br/publica%C3%A7%C3%B5es/ministro-nao-pediu-anulacao-de-eleicoes-para-conselhos-tutelares-porque-a-direita-venceu/,"Enganoso: O ministro irá acionar a AGU e o MP contra as eleições indiretas em três cidades, onde a escolha não foi aberta à população local.",2023-10-04 07:00:00,,"['Conselho Tutelar', 'Eleição', 'Direita', 'Governo']"
*DIVULGUE EM TODAS AS REDES SOCIAIS.* *ALEXANDRE DE MORAES ASSUME QUE HOUVE FRAUDE NAS ELEIÇÕES.* *Safado admite que fraudou eleições e depois gagueja arrependido da própria denuncia.*,Boatos.org,https://www.boatos.org/politica/alexandre-de-moraes-assumiu-houve-fraude-urnas-eleicoes.html,Falso,2023-09-27 07:00:00,,"['Alexandre de Moraes', 'Fraude', 'Eleição', 'Denúncia', 'Rede social']"
"""Governo vai gastar 32 milhões de euros para substituir cadernos eleitorais e vai implementar voto electrónico.""",Observador,https://observador.pt/factchecks/fact-check-governo-vai-gastar-32-milhoes-em-cadernos-eleitorais-digitais-e-implementar-voto-eletronico/,Enganador,2023-09-18 07:00:00,https://encrypted-tbn2.gstatic.com/images?q=tbn:ANd9GcT7EC9JTQvpT4eoev45ZD_q7vPnCJRIKFPX3WrtWSAo--cRMwwf,"['Eleição', 'Votação', 'Caderno', 'Governo', 'Eletrônica', 'Euro']"
"GRAVE! De acordo com Ives Gandra, o Instituto V-DEM da Universidade de Gotemburgo, que avalia a qualidade das democracias no mundo, classificou o Brasil como uma democracia apenas eleitoral. Nestas democracias, após as eleições, o povo não apita mais nada. O Instituto levou também em consideração a censura no Brasil e a existência de presos políticos.",UOL Notícias,https://noticias.uol.com.br/comprova/ultimas-noticias/2023/09/13/brasil-cai-em-ranking-de-democracias-desde-2016-houve-leve-melhora-em-2023.htm,Enganoso,2023-09-13 07:00:00,https://encrypted-tbn0.gstatic.com/images?q=tbn:ANd9GcQ_aVk6YA659GlvwBZRIHVakdi_ydeKJ3OK4dRK7x-nn3y-rV1B,"['Democracia', 'Brasil', 'Política', 'Eleição', 'Universidade de Gotemburgo']"
"Hackers quebraram o código-fonte e descobriram que Jair Bolsonaro venceu as eleições com 73,5% dos votos",Estadão,https://www.estadao.com.br/estadao-verifica/nao-hackers-nao-quebraram-codigo-fonte-das-urnas-nem-revelaram-vitoria-de-bolsonaro/,Falso,2023-09-13 07:00:00,https://encrypted-tbn0.gstatic.com/images?q=tbn:ANd9GcQFk-9m5EM1sYrd41CDHU-2wK4LUEMVR8IcattlZ1-p8Un5OGsE,"['Jair Bolsonaro', 'Código-fonte', 'Eleição', 'Votação', 'Hacker']"
Etchegoyen disse que o resultado das eleições de 2022 foi manipulado,Aos Fatos,https://www.aosfatos.org/noticias/falso-etchegoyen-resultado-manipulado-eleicoes-2022/,falso,2023-07-05 07:00:00,https://encrypted-tbn0.gstatic.com/images?q=tbn:ANd9GcTO41STg8nf5wB_ECAMaMeOBtEItZYViaqp2fmS0ytAutXUEVT4,"['Sérgio Etchegoyen', 'Eleição', '2022', 'Eleições presidenciais brasileiras, 2022', 'Resultado']"
"""EUA provam a vitória de Bolsonaro e a fraude dos esquerdopatas — o satanóide [Lula da Silva] não é presidente do Brasil.""",Observador,https://observador.pt/factchecks/fact-check-eua-provaram-que-bolsonaro-venceu-as-ultimas-eleicoes-presidenciais-do-brasil/,Errado,2023-07-26 07:00:00,https://encrypted-tbn3.gstatic.com/images?q=tbn:ANd9GcSPoSTekUtgc_77fQoKLZVgRXrfRC2VlIfGvKU-4cRTmZlv5x96,"['Jair Bolsonaro', 'Presidente', 'Presidente do Brasil', 'Estados Unidos', 'Brasil', 'Luiz Inácio Lula da Silva', 'Fraude']"
"""O pessoal se sensibilizou e os números são impressionantes"", diz homem ao mostrar dados de doações de campanha eleitoral como se fossem Pix para Bolsonaro",BOL - UOL,https://www.bol.uol.com.br/noticias/2023/06/28/site-do-tse-mostra-doacoes-de-campanha-eleitoral-nao-de-pix-de-bolsonaro.htm,Falso,2023-06-28 07:00:00,https://encrypted-tbn2.gstatic.com/images?q=tbn:ANd9GcTHXRfSS0EqU1YELl7VBPYt8EfOb5rqC8FdURwlWRbjP4yMLtpv,"['Jair Bolsonaro', 'Campanha eleitoral', 'PIX', 'Eleição', 'Doação', 'Número', 'Dados', 'Homem']"
Financial Times afirma categoricamente que Joe Biden interferiu nas eleições brasileiras para ajudar Lula,Estadão,https://www.estadao.com.br/estadao-verifica/financial-times-biden-favoreceu-lula/,Enganoso,2023-06-28 07:00:00,https://encrypted-tbn2.gstatic.com/images?q=tbn:ANd9GcRqiVuAyX0cH3jL0xipbK6ymXmxNpmu7sALrP43QlvsTsXkzlxL,"['Eleição', 'Luiz Inácio Lula da Silva', 'Joe Biden', 'Financial Times', 'Brasil']"
Jornal britânico diz que governo dos EUA interferiu na eleição para ajudar Lula,Projeto Comprova,https://projetocomprova.com.br/publica%C3%A7%C3%B5es/tuite-distorce-reportagem-ao-sugerir-intervencao-americana-no-resultado-das-eleicoes-brasileiras/,Enganoso,2023-06-27 07:00:00,,"['Eleição', 'Luiz Inácio Lula da Silva', 'Estados Unidos', 'Jornal', 'Governo dos Estados Unidos']"
Alexandre de Moraes admitiu que 'houve fraude' nas eleições de 2022,Estadão,https://www.estadao.com.br/estadao-verifica/alexandre-de-moraes-nao-admitiu-fraude-nas-eleicoes-2022-video-viral-e-sobre-cota-de-genero/,Enganoso,2023-06-15 07:00:00,https://encrypted-tbn2.gstatic.com/images?q=tbn:ANd9GcTNOK4i6TeTKhLrnNBvoR24iLveaITiCuPj4ANNcPnMA248Ft0B,"['Alexandre de Moraes', 'Fraude', 'Eleição', '2022', 'Eleições presidenciais brasileiras, 2022']"
Justiça Eleitoral proibiu relacionar Lula a Maduro,Checamos,https://checamos.afp.com/doc.afp.com.33J87YK,Falso,2023-06-12 07:00:00,https://encrypted-tbn1.gstatic.com/images?q=tbn:ANd9GcROJmS0hxZdBpxeQMpdmVa1qRaDo9ySiFNuOkbrdO_JWquukAs2,"['Luiz Inácio Lula da Silva', 'Nicolás Maduro', 'Tribunal Superior Eleitoral', 'Eleição', 'Justiça Eleitoral do Brasil']"
Alexandre de Moraes confessou que houve fraude nas eleições,Aosfatos.org,https://www.aosfatos.org/noticias/falso-moraes-houve-fraude-eleicoes-2022/,falso,2023-06-12 07:00:00,https://encrypted-tbn0.gstatic.com/images?q=tbn:ANd9GcQYbvbb_dTnas1o4KXrQ55tQJBJjeNf1lvwNKfJQRdHom2LNq76,"['Alexandre de Moraes', 'Fraude', 'Eleição']"
EUA provaram que houve fraude nas eleições brasileiras de 2022,Aosfatos.org,https://www.aosfatos.org/noticias/eua-nao-provaram-fraude-eleicoes-2022/,falso,2023-05-26 07:00:00,https://encrypted-tbn3.gstatic.com/images?q=tbn:ANd9GcSWg3kyxLCmT1-26CqjFXap_g_mjShVJ1yAXN8syM1dZtVqkL0x,"['Eleição', 'Estados Unidos', 'Brasil', 'Eleições presidenciais brasileiras, 2022', '2022', 'Fraude']"
Ele admite que teve fraude,UOL Notícias,https://noticias.uol.com.br/confere/ultimas-noticias/2023/06/13/alexandre-de-moraes-nao-admitiu-fraude-nas-eleicoes-de-2022.htm,Insustentável,2023-06-13 07:00:00,https://encrypted-tbn0.gstatic.com/images?q=tbn:ANd9GcSOfaVlXaorwbUrx3PJAhMDyVrnGLVf1tudsnTtcAtY2TblU-t5,['Fraude']
"Atenção Notícia urgente, Alexandre de Moraes assume que houve falhas nas eleições, isso mesmo vocês não entenderam errado no próprio site oficial",Boatos.org,https://www.boatos.org/politica/alexandre-de-moraes-assume-que-houve-falha-nas-eleicoes-boato.html,Falso,2023-04-30 07:00:00,,"['Alexandre de Moraes', 'Eleição', 'Notícia']"
Ibama aterroriza produtor rural após eleição de Lula,Estadão,https://www.estadao.com.br/estadao-verifica/video-com-fiscais-do-ibama-expulsando-homem-de-terra-indigena-e-de-2020-nao-do-governo-lula/,Enganoso,2023-04-28 07:00:00,https://encrypted-tbn2.gstatic.com/images?q=tbn:ANd9GcSpFy8Jua_VbpIqaRoH0mfbY3H1xGwqcoFJ6F-YFDxSDXllE0ZZ,"['Ibama', 'Instituto Brasileiro do Meio Ambiente e dos Recursos Naturais Renováveis', 'Luiz Inácio Lula da Silva', 'Eleição', 'Zona rural']"
"""Fraude explícita. O TSE [Tribunal Superior Eleitoral do Brasil] cometeu uma ""falha"" e acabou a mostrar a vitória de Bolsonaro com 55% dos votos.""",Observador,https://observador.pt/factchecks/fact-check-video-que-mostra-bolsonaro-com-55-de-votos-prova-que-houve-fraude-nas-eleicoes-presidencais-brasileiras/,Errado,2023-04-27 07:00:00,https://encrypted-tbn3.gstatic.com/images?q=tbn:ANd9GcSPoSTekUtgc_77fQoKLZVgRXrfRC2VlIfGvKU-4cRTmZlv5x96,"['Jair Bolsonaro', 'Eleição', 'Votação', 'Brasil', 'Fraude', 'Tribunal Superior Eleitoral', '1955', 'Tribunal']"
"""Maduro, o amigo do lula está dando papelão moído para o povo comer dizendo que é atum. Enquanto isso no Brasil o lula tá prometendo abóbora no lugar da picanha prometida em campanha eleitoral.""",Observador,https://observador.pt/factchecks/fact-check-nicolas-maduro-distribuiu-latas-de-atum-com-cartao-para-alimentar-a-populacao-da-venezuela/,Errado,2023-04-26 07:00:00,https://encrypted-tbn3.gstatic.com/images?q=tbn:ANd9GcSPoSTekUtgc_77fQoKLZVgRXrfRC2VlIfGvKU-4cRTmZlv5x96,"['Nicolás Maduro', 'Atum', 'Papel cartão', 'Alimento', 'Eleição', 'Campanha eleitoral', 'Brasil', 'Abóbora', 'O Povo']"
Urgentíssimo. Lula admite em vídeo vazado não ter sido eleito pelo povo em primeiro turno,UOL Notícias,https://noticias.uol.com.br/confere/ultimas-noticias/2023/04/13/post-distorce-fala-em-que-lula-admite-so-ter-vencido-eleicoes-em-2-turno.htm,Insustentável,2023-04-13 07:00:00,https://encrypted-tbn1.gstatic.com/images?q=tbn:ANd9GcQvyA8HHj8kH82PFQS8gMMR_fMTjrVz-95BBQkUT1KbkZ-wNSnn,"['Luiz Inácio Lula da Silva', 'Eleição', 'Vídeo', 'Povo']"
Título de eleitor morto em 2010 foi usado para computar voto para Lula em 2022,UOL Notícias,https://noticias.uol.com.br/confere/ultimas-noticias/2023/04/19/e-falso-que-voto-de-eleitor-morto-em-2010-foi-computado-para-lula-em-2022.htm,Falso,2023-04-19 07:00:00,https://encrypted-tbn0.gstatic.com/images?q=tbn:ANd9GcSLd8GynLY7UDFphUKJ7X0nfTcxD0fPYSGbfuDDZpUoAxNsFlhE,"['Eleitor', 'Luiz Inácio Lula da Silva', 'Votação', 'Morte', '2022', '2010', 'Título de eleitor']"
"Uma candidata a vereadora da cidade de Presidente Dutra, no Maranhão, foi presa acusada de trocar votos de eleitores por s…",Boatos.org,https://www.boatos.org/politica/candidata-a-vereadora-presa-apos-se-oferecer-troca-votos.html,Falso,2020-11-16 08:00:00,https://encrypted-tbn1.gstatic.com/images?q=tbn:ANd9GcRh1Q6kXwfanSv6OwDxezyflZ4dEHjJNdqMjqV8nSKxWQmJCib-,"['Vereador', 'Candidato', 'Votação', 'Eleição', 'Maranhão', 'Presidente Dutra']"
Vídeo em que mulher preenche cédulas em branco indica fraude nas eleições dos EUA,Aosfatos.org,https://www.aosfatos.org/noticias/video-em-que-mulher-preenche-cedulas-em-branco-nao-indica-fraude-nas-eleicoes-dos-eua/,falso,2020-11-06 08:00:00,https://encrypted-tbn0.gstatic.com/images?q=tbn:ANd9GcQ_xDT7wNCGY5D6tADo6StqAMakeDbwtKK-i3vQBC7SKGXUEJqG,"['Fraude', 'Eleição', 'Estados Unidos', 'Cédula eleitoral', 'Vídeo', 'Mulher']"
Momento constrangedor com uma notificação da Porn Hub a entrar durante um direto da CNN com uma atualização dos resultados eleitorais.,Observador,https://observador.pt/factchecks/notificacao-de-um-site-pornografico-apareceu-durante-direto-da-cnn/,Errado,,https://encrypted-tbn3.gstatic.com/images?q=tbn:ANd9GcQOv_Mheo-5LPg4qYWWsymKcqVbeLWVUBH6sgQDSOE1unX2YU8W,"['CNN', 'Pornografia', 'Eleição', 'Pornhub']"
Servidor exonerado por Alexandre de Moraes denuncia fraude eleitoral em vídeo,Aos Fatos,https://www.aosfatos.org/noticias/falso-fraude-servidor-exonerado-do-tse/,falso,2022-11-24 08:00:00,https://encrypted-tbn3.gstatic.com/images?q=tbn:ANd9GcQDOrHWFF7tVrV28hu1bGY7fQGUWE3uOmmJthCffFvVJ5aDfxkj,"['Fraude', 'Exoneração', 'Denúncia', 'Eleição', 'Alexandre de Moraes', 'Vídeo', 'Servidor', 'Fraude eleitoral']"
Ambulâncias foram compradas pelo governo federal mas o governo da Bahia colocou a própria logomarca e as escondeu para entregar em período eleitoral,Projeto Comprova,https://projetocomprova.com.br/publica%C3%A7%C3%B5es/ambulancias-da-bahia-com-adesivo-do-sus-nao-foram-compradas-pelo-governo-federal/,FALSO: Os veículos foram comprados com recursos próprios da Bahia e de emendas de parlamentares baianos. Os veículos também não estão escondidos.,2022-03-14 07:00:00,https://encrypted-tbn2.gstatic.com/images?q=tbn:ANd9GcRFyIxgFq062Gf1UNw1FLuRHJDebbR4N_NmypqbHK9cu8lo9nSt,"['Ambulância', 'Bahia', 'Governo', 'Governo da Bahia', 'Eleição', 'Logotipo', 'Campanha eleitoral']"
"Com provas de fraude eleitoral em mãos pela auditoria do exército, STM dá ao ministro Alexandre de Moraes 72 horas para explicar manipulações jurídicas do TSE nas eleições de 2022.",Boatos.org,https://www.boatos.org/politica/stm-da-72-horas-para-alexandre-de-moraes-explicar-manipulacoes-tse-nas-eleicoes-2022.html,Falso,2022-11-21 08:00:00,,"['Alexandre de Moraes', 'Superior Tribunal Militar', 'Tribunal Superior Eleitoral', 'Eleição', 'Fraude eleitoral', 'Fraude', '2022', 'Ministro', 'Eleições presidenciais brasileiras, 2022']"
"Vereador volta 4 anos após seu eleição, pra prometer novamente tudo que iria fazer se fosse eleito novamente...",Boatos.org,https://www.boatos.org/politica/vereador-jogado-esgoto-populacao-salvador.html,Falso,2020-10-03 07:00:00,https://encrypted-tbn3.gstatic.com/images?q=tbn:ANd9GcSpK5sELvPFOaoMg0hie2RnKl6h4ZKFFm1QbdGZ71K9UsW9cDmI,"['Vereador', 'Eleição']"
"Dallas Jones, chefe de campanha de Joe Biden, foi preso sob acusação de participação na fraude eleitoral nos USA [sigla para a expressão em inglês de ""Estados Unidos da América""].",Observador,https://observador.pt/factchecks/fact-check-chefe-de-campanha-de-joe-biden-preso-por-fraude-eleitoral/,Errado,2020-11-25 08:00:00,https://encrypted-tbn3.gstatic.com/images?q=tbn:ANd9GcQOv_Mheo-5LPg4qYWWsymKcqVbeLWVUBH6sgQDSOE1unX2YU8W,"['Fraude eleitoral', 'Joe Biden', 'Fraude', 'Eleição', 'Prisão', 'Estados Unidos', 'América']"
Vídeo de jornalista independente afirma que software usado nos EUA e Brasil durante as eleições é passível de fraude,Projeto Comprova,https://projetocomprova.com.br/publica%C3%A7%C3%B5es/software-usado-em-urnas-eletronicas-brasileiras-nao-e-o-mesmo-que-dos-eua/,"FALSO: O software usado nas urnas eletrônicas do Brasil foi integralmente desenvolvido e é mantido pela equipe técnica do TSE e não foi cedido para uso nas eleições presidenciais dos Estados Unidos, ao contrário do que afirma jornalista em vídeo publicado no YouTube",2020-11-23 08:00:00,,"['Eleição', 'Software', 'Estados Unidos', 'Brasil', 'Jornalismo', 'Fraude', 'Político sem partido', 'Vídeo']"
Manifestação contra as fraudes eleitorais nos Estados Unidos.,Aos Fatos,https://www.aosfatos.org/noticias/fotos-nao-mostram-ato-pro-trump-mas-protesto-em-2018-por-controle-de-armas-nos-eua/,falso,2021-01-07 08:00:00,https://encrypted-tbn0.gstatic.com/images?q=tbn:ANd9GcQsImVmRd80NduW0VrccxI8TZgjdvOFpfuVRu7qEtA8QEEUUwwT,"['Manifestação', 'Estados Unidos', 'Fraude eleitoral', 'Eleição', 'Fraude']"
Lula foi eleito pela revista The Economist como o ex-presidente mais corrupto do mundo,AFP Checamos,https://checamos.afp.com/doc.afp.com.9KX22E,Falso,2021-08-10 07:00:00,https://encrypted-tbn2.gstatic.com/images?q=tbn:ANd9GcT5kYKq985X3OATmbNXJYv4a6Jvl-6TEv-kF1qkDK-CUyGSlk4V,"['Luiz Inácio Lula da Silva', 'The Economist', 'Presidente', 'Revista', 'Mundo', 'Eleição']"
"DENÚNCIA DE FRAUDE NAS ELEIÇÕES DE 2018: um advogado e um engenheiro protocolaram na PF e no TSE, uma denúncia de fraude na apuração das urnas em 2018. A conclusão foi feita com base em análises matemáticas tiradas de dados oficiais do TSE. São dados robustos e incontestáveis!",O Globo,https://oglobo.globo.com/fato-ou-fake/e-fake-que-denuncia-de-fraude-em-eleicao-de-2018-comprovou-vitoria-de-bolsonaro-no-1-turno-24680275,Fake,2020-10-07 07:00:00,,"['Eleição', 'Fraude', 'Eleições presidenciais brasileiras, 2018', 'Tribunal Superior Eleitoral', '2018', 'Urna eleitoral', 'Matemática']"
O comício de Donald Trump estava lotado enquanto o de Joe Biden estava vazio.,Checamos,https://checamos.afp.com/imagem-do-comicio-de-trump-e-de-2019-joe-biden-estava-realizando-um-discurso-fechado,Enganoso,2020-10-28 07:00:00,https://encrypted-tbn0.gstatic.com/images?q=tbn:ANd9GcTL7nrYwN_HvZYW1NJCs__91TVwTvpxTBXAnlpkz9BLqCkdnKU0,"['Joe Biden', 'Donald Trump', 'Eleição']"
Putin diz que irá intervir no Brasil caso haja fraude nas eleições,Aosfatos.org,https://www.aosfatos.org/noticias/falso-putin-intervencao-brasil-fraude-eleitoral/,falso,2022-11-08 08:00:00,https://encrypted-tbn2.gstatic.com/images?q=tbn:ANd9GcRLu0C6EDfmrBrjB5HDStB9S3wdQf5NaLUuR0V0wWgQ70w1N3-j,"['Vladimir Putin', 'Brasil', 'Eleição', 'Fraude', 'Irã']"
General Paulo Sérgio grava áudio falando que haverá intervenção militar durante as eleições 2022,Boatos.org,https://www.boatos.org/politica/general-paulo-sergio-audio-havera-intervencao-militar-durante-eleicoes-2022.html,Falso,2022-10-08 07:00:00,https://encrypted-tbn2.gstatic.com/images?q=tbn:ANd9GcQLGv9F8rGgkMjH1--X6iH0KVPZsHweMO1WO7EZCbdb8U7xgsZF,"['Eleição', 'Militar', 'General', '2022', 'Golpe militar']"
Eleições confirmam que urnas sempre foram seguras. BARREIRAS: BAHIA. ELEITORES:103.075. Votos no Lula: 213.243.,Boatos.org,https://www.boatos.org/politica/barreiras-ba-103-mil-eleitores-mas-lula-213-mil-votos.html,Falso,2022-10-05 07:00:00,https://encrypted-tbn1.gstatic.com/images?q=tbn:ANd9GcQWrTRllfBD8YwYdSV8T8WujkeBSurJnVr98x5wV5rWPb2XoAm8,"['Luiz Inácio Lula da Silva', 'Votação', 'Eleição', 'Barreiras', 'Bahia', 'Urna eleitoral']"
Wisconsin tem mais votos computados do que eleitores registrados.,Checamos,https://checamos.afp.com/os-dados-utilizados-para-acusar-uma-fraude-em-wisconsin-nas-presidenciais-dos-eua-sao-de-2018,Falso,2020-11-05 08:00:00,https://encrypted-tbn3.gstatic.com/images?q=tbn:ANd9GcRoRkqCs4CHydXbDYboxOOqApCGShpfiTLOCWfvMrKh0kK55ulF,"['Wisconsin', 'Eleição', 'Votação']"
Pesquisa IBAPESQ mostra presidente Jair Bolsonaro com 65% das intenções de voto para as eleições de 2022,AFP Checamos,https://checamos.afp.com/doc.afp.com.327U626,Falso,2022-04-07 07:00:00,https://encrypted-tbn0.gstatic.com/images?q=tbn:ANd9GcRs5nBY8tgwA1H9V1wv9cjlWmO7KNwUQuP2PAI00oEPAefUrJAo,"['Jair Bolsonaro', 'Votação', 'Presidente', 'Pesquisa', 'Eleição', '2022', 'Intenção', 'Eleições presidenciais brasileiras, 2022']"
"Ninguém pode ser preso no dia da eleição, apenas quem usar celular na cabine de votação",Checamos,https://checamos.afp.com/doc.afp.com.32JZ2UN,Falso,2022-09-23 07:00:00,https://encrypted-tbn2.gstatic.com/images?q=tbn:ANd9GcQLqXQ4QQmaITolqYsPynQHvzWTmivd6vi9UY6IAuVUHdvuPpxh,"['Eleição', 'Dia da eleição', 'Votação', 'Prisão', 'Telefone celular', 'Dia']"
Luana Piovani diz que a fraude nas eleições presidenciais estará comprovada caso Jair Bolsonaro não seja eleito em primeiro turno e que não gostaria de ter filhos homossexuais.,Projeto Comprova,https://projetocomprova.com.br/publica%C3%A7%C3%B5es/e-falso-que-audio-mostre-luana-piovani-defendendo-jair-bolsonaro/,"FALSO: A atriz negou a autoria da gravação. Nela, uma pessoa diz que acreditaria em urnas fraudadas caso Bolsonaro não fosse eleito em primeiro turno.",2021-07-23 07:00:00,,"['Luana Piovani', 'Jair Bolsonaro', 'Eleição', 'Presidente', 'Eleições presidenciais', 'Fraude', 'Homossexualidade']"
Documento prova fraude nas urnas em 2018 que impediu a vitória de Bolsonaro no 1º turno das eleições,Projeto Comprova,https://projetocomprova.com.br/publica%C3%A7%C3%B5es/documento-nao-prova-fraude-nas-eleicoes-de-2018-e-nem-comprova-vitoria-de-bolsonaro-no-1o-turno/,"FALSO: Denúncia de fraude nas eleições foi baseada em coleta equivocada de dados. É falso também que as urnas eletrônicas sejam produzidas na China, como afirma um vídeo no YouTube",2020-10-22 07:00:00,,"['Eleição', 'Jair Bolsonaro', 'Fraude nas urnas eletrônicas', 'Documento', '2018', 'Prova', 'Urna eleitoral']"
"Vídeo do projeto “Você Fiscal”, para que o TSE não fraude as urnas nas eleições 2022",Checamos,https://checamos.afp.com/doc.afp.com.32KH7NG,Falso,2022-10-01 07:00:00,https://encrypted-tbn2.gstatic.com/images?q=tbn:ANd9GcQWcRI5LHxpnvX4Sd_rnBRuzAfEAo85xxyxCrpAfxPXBh0wA2IK,"['Urna eleitoral', 'Eleição', 'Tribunal Superior Eleitoral', '2022', 'Vídeo', 'Projeto', 'Fraude']"
"Eleitores de Bolsonaro, se Flávio Bolsonaro cair quem assume a vaga é Lindbergh Farias. Entenderam porque a tramoia sobre ele?",Aos Fatos,https://www.aosfatos.org/noticias/e-falso-que-lindbergh-assume-vaga-no-senado-se-flavio-bolsonaro-perder-mandato/,falso,2019-01-24 08:00:00,,"['Flávio Bolsonaro', 'Lindbergh Farias', 'Jair Bolsonaro', 'Eleição']"
Haddad andou de Ferrari na campanha eleitoral,UOL Notícias,https://noticias.uol.com.br/comprova/ultimas-noticias/2018/10/16/haddad-nao-usou-ferrari-na-campanha-video-mostra-carona-em-2016.htm,Falso,2018-10-16 07:00:00,https://encrypted-tbn1.gstatic.com/images?q=tbn:ANd9GcT-o6FjS1jlgvvNAuq6E-bBdcaNGW_mLJUbdOwGnhcGlS_oOjJJ,"['Fernando Haddad', 'Eleição', 'Campanha eleitoral']"
"Esse vídeo é de uma repórter da Band News, emissora que apoiava o Lula Larápio antes das Eleições. FAZ O L.",Boatos.org,https://www.boatos.org/politica/reporter-da-band-faz-criticas-lula-fala-mal-primeiro-mes-governo.html,Falso,2023-02-24 08:00:00,https://encrypted-tbn3.gstatic.com/images?q=tbn:ANd9GcTrdMLvM310nIl6yVJMvVXhoPyA76URBI06spv9xxHpODFEeNCK,"['Luiz Inácio Lula da Silva', 'Band', 'Repórter', 'Faz o L', 'Notícia', 'BandNews TV', 'Eleição', 'Vídeo']"
Eduardo Campos liderava as pesquisas eleitorais quando morreu em 2014,Aosfatos.org,https://www.aosfatos.org/noticias/eduardo-campos-pesquisas-presidencia/,falso,2022-05-20 07:00:00,https://encrypted-tbn0.gstatic.com/images?q=tbn:ANd9GcSvS98i4VXdLqYYKk_p60g5dzcFY79A8cQsUzsL2MzenLyqPfQS,"['Eduardo Henrique Accioly Campos', 'Pesquisa', 'Eleição', 'Morte', '2014']"
Mais uma fraude nas eleições dos Estados Unidos. Funcionários colocavam cédulas dentro das urnas.,Checamos,https://checamos.afp.com/esta-gravacao-nao-mostra-uma-fraude-nas-eleicoes-dos-eua-ela-foi-feita-na-russia-em-2018,Falso,2020-11-12 08:00:00,https://encrypted-tbn2.gstatic.com/images?q=tbn:ANd9GcRRblVZsFXh9FmtpBG0KgwJmk411e2FarAJvBtLgrYKVi2TPr1S,"['Eleição', 'Estados Unidos', 'Fraude', 'Urna eleitoral', 'Cédula eleitoral', 'Funcionário']"
"Michelle Obama se registrou para votar como homem em 1994, de acordo com o conselho eleitoral do estado de Illinois",Boatos.org,https://www.boatos.org/mundo/michelle-obama-se-registrou-como-homem-para-votar-em-1994.html,Falso,2023-02-09 08:00:00,,"['Michelle Obama', 'Votação', 'Eleição', '1994', 'Homem', 'Illinois']"
Juíza sueca fala sobre fraude nas eleições brasileiras de 2022,Checamos,https://checamos.afp.com/doc.afp.com.32N87FE,Falso,2022-11-09 08:00:00,https://encrypted-tbn3.gstatic.com/images?q=tbn:ANd9GcRA1cqbFBkGIzpiQ41NQQ8S9rIcDpqFhQS-w1Rm9UFU4rLusr8h,"['Eleição', 'Brasil', '2022', 'Eleições presidenciais brasileiras, 2022', 'Juiz', 'Fala', 'Fraude']"
O presidente da Holanda confirma que teve fraude na Eleição Presidencial no Brasil.,UOL Notícias,https://noticias.uol.com.br/confere/ultimas-noticias/2022/11/18/falso-primeiro-ministro-holanda-fraude-brasil.htm,Falso,2022-11-18 08:00:00,https://encrypted-tbn2.gstatic.com/images?q=tbn:ANd9GcQ_J6RZlYDkcvXttp11dwjufcuTnmIWwloOsOX0oSdHZ3AoJR90,"['Fraude', 'Brasil', 'Países Baixos', 'Eleição', 'Presidente', 'Eleições presidenciais']"
"""Joe Biden, se eleito, já prometeu: “ou o Brasil cuida da Floresta Amazónica ou vamos bombardear a sua capital, Buenos Aires""",Observador,https://observador.pt/factchecks/fact-check-biden-prometeu-bombardear-o-brasil-se-a-amazonia-nao-for-protegida/,Errado,2020-11-11 08:00:00,https://encrypted-tbn2.gstatic.com/images?q=tbn:ANd9GcSdmf6ClbeSvalomQxXOcOqCNHnXOopOHx0Pm1uLt6HRyfZ0fx4,"['Joe Biden', 'Brasil', 'Eleição', 'Amazônia', 'Buenos Aires']"
Fraude eleitoral nos Estados Unidos com base nos gráficos de Michigan e Wisconsin.,Checamos,https://checamos.afp.com/o-aumento-repentino-de-votos-para-joe-biden-em-michigan-e-wisconsin-nao-e-uma-fraude,Falso,2020-11-10 08:00:00,https://encrypted-tbn2.gstatic.com/images?q=tbn:ANd9GcTZ4_KJU6lelZbvW0gYsYJkZYHPqv5hkJ2GAye5aP8w2IyqNQzK,"['Wisconsin', 'Eleição', 'Michigan', 'Fraude', 'Estados Unidos', 'Fraude eleitoral']"
Maduro envia vídeo desejando boa sorte para Lula nas eleições de 2022,Aosfatos.org,https://www.aosfatos.org/noticias/video-maduro-lula-2020-nao-atual/,não_é_bem_assim,2022-10-25 07:00:00,https://encrypted-tbn3.gstatic.com/images?q=tbn:ANd9GcSpdc6UGd0JPi1g8fPG8EGxn13zz2ykX8p-RH8jSef488bIe4SY,"['Nicolás Maduro', 'Luiz Inácio Lula da Silva', 'Vídeo', 'Eleição', 'Eleições presidenciais brasileiras, 2022', '2022', 'Sorte']"
